date,store_id,product_category,units_sold,revenue,promotion_active
2025-03-07,STR_015,Electronics,11,1530.91,0
2025-10-22,STR_016,Electronics,36,5873.78,0
2025-11-02,STR_009,Clothing,82,3745.04,0
2025-10-20,STR_004,Toys,44,993.07,0
2025-01-29,STR_016,Electronics,16,2489.38,0
2025-11-24,STR_020,Clothing,158,6637.87,1
2025-03-01,STR_004,Clothing,118,5097.06,1
2025-12-20,STR_011,Clothing,24,1037.94,0
2025-09-22,STR_001,Electronics,59,9528.16,0
2025-08-31,STR_007,Electronics,30,4374.91,1
2025-05-08,STR_016,Toys,40,939.2,1
2025-11-28,STR_005,Toys,93,2539.39,0
2025-06-28,STR_009,Toys,116,3067.17,1
2025-03-10,STR_018,Clothing,68,3307.96,0
2025-02-01,STR_020,Toys,26,602.37,0
2025-10-27,STR_017,Clothing,56,2634.6,0
2025-03-12,STR_009,Food,32,257.36,1
2025-10-17,STR_016,Home,24,1926.75,0
2025-11-22,STR_011,Electronics,60,8880.66,1
2025-03-28,STR_007,Toys,148,3902.41,1
2025-05-05,STR_014,Clothing,40,1791.73,0
2025-01-13,STR_012,Toys,36,944.95,0
2025-07-07,STR_004,Food,82,627.83,0
2025-02-22,STR_016,Food,12,96.24,0
2025-07-17,STR_008,Toys,46,1163.63,0
2025-10-02,STR_018,Electronics,118,16060.42,1
2025-12-25,STR_008,Electronics,61,9690.76,0
2025-01-23,STR_002,Food,11,92.8,0
2025-05-13,STR_020,Toys,60,1533.01,0
2025-11-27,STR_015,Food,28,253.08,0
2025-11-28,STR_010,Toys,17,450.26,0
2025-03-22,STR_007,Clothing,42,1722.51,0
2025-05-24,STR_016,Clothing,20,817.56,0
2025-03-16,STR_018,Home,43,3097.52,0
2025-03-25,STR_002,Home,69,6007.78,0
2025-03-04,STR_005,Home,64,4759.6,0
2025-11-13,STR_002,Electronics,48,7735.02,1
2025-09-18,STR_013,Clothing,36,1696.09,0
2025-10-14,STR_014,Clothing,48,2053.54,0
2025-12-08,STR_018,Food,74,687.24,1
2025-09-30,STR_002,Home,15,1251.94,0
2025-08-12,STR_005,Home,146,10812.3,1
2025-07-25,STR_019,Food,19,166.74,0
2025-12-12,STR_004,Home,64,5286.94,1
2025-07-13,STR_009,Toys,112,2905.47,1
2025-12-21,STR_009,Home,170,13260.46,1
2025-11-20,STR_003,Home,32,2615.42,0
2025-02-15,STR_014,Food,28,225.84,1
2025-07-24,STR_010,Home,24,1936.06,0
2025-10-22,STR_012,Clothing,64,2656.53,0
2025-07-23,STR_014,Clothing,92,4406.89,1
2025-04-07,STR_011,Clothing,20,942.76,0
2025-08-10,STR_011,Food,73,651.01,0
2025-01-02,STR_011,Clothing,35,1575.77,0
2025-10-17,STR_003,Toys,90,2299.41,0
2025-05-21,STR_009,Electronics,42,6719.9,0
2025-12-10,STR_002,Clothing,78,3327.91,1
2025-07-01,STR_002,Food,45,357.04,0
2025-12-27,STR_017,Clothing,99,4214.16,0
2025-12-11,STR_014,Home,37,3201.61,0
2025-08-08,STR_011,Toys,44,1033.38,0
2025-04-12,STR_019,Food,90,808.86,0
2025-01-28,STR_011,Food,15,121.48,0
2025-02-11,STR_016,Electronics,72,9939.96,0
2025-06-21,STR_009,Clothing,88,3963.27,0
2025-09-28,STR_012,Electronics,81,11365.89,0
2025-01-30,STR_019,Toys,28,635.14,1
2025-10-02,STR_017,Home,77,5667.41,0
2025-05-16,STR_002,Toys,114,2604.99,1
2025-06-23,STR_010,Electronics,78,12651.91,0
2025-11-07,STR_015,Clothing,44,1916.73,1
2025-04-03,STR_003,Food,154,1278.38,1
2025-07-19,STR_010,Toys,43,1020.2,0
2025-06-19,STR_014,Clothing,37,1710.77,0
2025-02-21,STR_007,Toys,62,1594.16,0
2025-01-05,STR_008,Toys,78,1907.4,0
2025-04-08,STR_018,Clothing,66,3050.12,0
2025-03-17,STR_014,Clothing,88,4350.63,1
2025-05-14,STR_013,Clothing,128,5919.59,1
2025-08-03,STR_017,Food,21,167.22,0
2025-07-15,STR_010,Food,22,185.16,0
2025-04-11,STR_007,Toys,43,1150.57,0
2025-05-07,STR_010,Food,31,254.29,0
2025-05-12,STR_010,Toys,99,2572.45,0
2025-05-03,STR_019,Electronics,20,2906.42,0
2025-06-22,STR_007,Toys,28,636.08,0
2025-10-19,STR_008,Toys,52,1253.76,1
2025-01-28,STR_016,Electronics,90,12316.9,0
2025-10-06,STR_004,Clothing,88,3929.55,0
2025-02-14,STR_004,Home,126,10830.22,1
2025-06-08,STR_001,Clothing,63,2891.59,0
2025-08-02,STR_010,Toys,45,1066.69,0
2025-12-26,STR_011,Food,16,136.77,0
2025-11-06,STR_019,Home,41,3320.14,0
2025-09-01,STR_020,Toys,140,3747.54,1
2025-08-25,STR_008,Toys,37,903.82,0
2025-10-30,STR_016,Clothing,166,7508.95,1
2025-04-22,STR_017,Food,93,798.09,0
2025-04-08,STR_005,Food,74,672.83,1
2025-09-05,STR_010,Home,20,1523.03,0
2025-03-15,STR_017,Electronics,25,4098.78,0
2025-05-09,STR_010,Toys,85,1951.28,0
2025-01-30,STR_008,Food,72,577.57,0
2025-06-18,STR_007,Electronics,46,7496.14,1
2025-07-24,STR_007,Home,74,5497.42,0
2025-08-25,STR_020,Home,136,11350.21,1
2025-08-19,STR_019,Electronics,31,4853.53,0
2025-09-17,STR_004,Toys,41,1066.58,0
2025-06-19,STR_013,Electronics,98,13276.68,0
2025-02-10,STR_011,Electronics,30,4255.31,0
2025-05-27,STR_003,Clothing,46,2096.16,0
2025-09-13,STR_020,Electronics,27,4044.73,0
2025-08-16,STR_018,Clothing,95,4634.33,0
2025-02-15,STR_012,Home,93,7581.67,0
2025-02-26,STR_001,Clothing,34,1456.97,0
2025-06-11,STR_019,Electronics,55,8360.77,0
2025-01-08,STR_002,Toys,84,1985.61,1
2025-11-22,STR_020,Food,11,99.91,0
2025-07-02,STR_001,Toys,88,2231.97,0
2025-10-29,STR_002,Electronics,118,19002.81,1
2025-08-24,STR_015,Home,98,7241.54,0
2025-09-15,STR_005,Electronics,45,7312.29,0
2025-02-06,STR_004,Electronics,69,10308.19,0
2025-06-11,STR_004,Clothing,76,3095.46,0
2025-12-25,STR_020,Food,63,538.13,0
2025-12-19,STR_004,Toys,80,2009.7,0
2025-04-01,STR_012,Toys,98,2418.12,0
2025-05-01,STR_006,Food,30,239.86,0
2025-10-25,STR_015,Toys,89,2104.02,0
2025-02-05,STR_013,Toys,58,1500.45,0
2025-08-14,STR_001,Electronics,10,1423.63,0
2025-12-06,STR_001,Clothing,67,3271.31,0
2025-02-28,STR_013,Home,68,5603.24,0
2025-09-14,STR_017,Clothing,34,1669.47,0
2025-12-25,STR_010,Clothing,52,2243.31,0
2025-10-28,STR_001,Toys,192,5018.38,1
2025-05-11,STR_018,Electronics,99,14713.01,0
2025-11-15,STR_004,Home,84,6963.14,0
2025-05-29,STR_006,Home,74,6015.38,1
2025-05-05,STR_016,Toys,47,1064.02,0
2025-05-13,STR_019,Clothing,198,9046.94,1
2025-04-22,STR_006,Toys,78,1867.91,0
2025-10-28,STR_012,Home,20,1500.52,0
2025-10-04,STR_003,Home,92,6995.55,0
2025-04-06,STR_001,Electronics,35,5041.24,0
2025-06-16,STR_001,Toys,71,1757.57,0
2025-04-21,STR_004,Clothing,24,1142.09,0
2025-03-18,STR_007,Clothing,146,6793.54,1
2025-04-26,STR_017,Food,11,95.48,0
2025-06-21,STR_016,Home,28,2135.74,0
2025-04-04,STR_010,Clothing,60,2959.16,0
2025-10-21,STR_009,Home,48,3922.33,0
2025-07-07,STR_001,Food,12,102.52,0
2025-05-27,STR_005,Food,122,1087.51,1
2025-02-18,STR_020,Electronics,92,14491.41,0
2025-07-10,STR_020,Food,39,359.51,0
2025-12-16,STR_018,Food,76,616.01,0
2025-04-06,STR_001,Home,64,4848.79,0
2025-02-15,STR_012,Clothing,42,2022.65,0
2025-01-16,STR_018,Electronics,45,6105.96,0
2025-06-28,STR_013,Electronics,110,17832.42,1
2025-09-21,STR_019,Toys,49,1190.25,0
2025-02-13,STR_007,Toys,93,2533.94,0
2025-11-05,STR_010,Home,144,10673.51,1
2025-06-18,STR_016,Home,104,8957.01,1
2025-04-11,STR_012,Food,31,252.95,0
2025-11-03,STR_019,Clothing,75,3129.91,0
2025-05-29,STR_018,Toys,60,1603.1,0
2025-05-20,STR_017,Electronics,67,10389.89,0
2025-11-17,STR_007,Home,42,3482.73,0
2025-03-18,STR_002,Clothing,58,2521.16,0
2025-07-19,STR_011,Electronics,75,12178.16,0
2025-07-30,STR_014,Food,97,846.98,0
2025-08-16,STR_017,Electronics,99,16075.55,0
2025-10-01,STR_001,Food,48,394.17,0
2025-12-12,STR_015,Home,59,4410.64,0
2025-10-19,STR_008,Toys,72,1772.18,0
2025-08-21,STR_012,Electronics,48,6629.3,1
2025-09-22,STR_006,Clothing,61,2954.89,0
2025-06-11,STR_010,Home,38,2969.24,1
2025-09-12,STR_010,Electronics,91,13297.7,0
2025-12-27,STR_012,Home,128,10834.47,1
2025-10-13,STR_020,Electronics,87,11782.9,0
2025-05-12,STR_017,Clothing,50,2403.4,1
2025-06-19,STR_014,Electronics,96,14638.09,1
2025-02-21,STR_020,Toys,27,703.35,0
2025-08-21,STR_006,Toys,56,1525.51,1
2025-11-01,STR_001,Clothing,144,7118.39,1
2025-04-22,STR_007,Electronics,106,17318.89,1
2025-04-03,STR_001,Toys,48,1206.45,0
2025-03-06,STR_011,Food,21,175.34,0
2025-05-18,STR_014,Home,13,975.38,0
2025-03-10,STR_001,Clothing,83,3534.58,0
2025-02-14,STR_003,Food,44,409.84,0
2025-04-26,STR_009,Toys,22,501.72,0
2025-10-16,STR_001,Clothing,65,2701.56,0
2025-04-21,STR_005,Electronics,49,6904.21,0
2025-01-28,STR_016,Home,190,16459.56,1
2025-06-14,STR_015,Toys,63,1683.71,0
2025-03-03,STR_002,Toys,68,1706.28,0
2025-11-10,STR_015,Electronics,12,1662.37,0
2025-10-11,STR_001,Clothing,49,2059.09,0
2025-09-22,STR_011,Electronics,76,11600.16,0
2025-11-22,STR_012,Clothing,74,3320.01,0
2025-04-08,STR_020,Clothing,65,2949.14,0
2025-07-20,STR_005,Toys,67,1603.08,0
2025-06-28,STR_004,Electronics,49,7804.9,0
2025-08-06,STR_003,Clothing,56,2676.13,0
2025-03-05,STR_011,Home,84,6560.32,1
2025-05-22,STR_010,Toys,34,905.59,0
2025-10-05,STR_003,Clothing,99,4260.41,0
2025-03-12,STR_017,Electronics,92,14259.54,1
2025-06-09,STR_012,Toys,98,2214.14,0
2025-09-28,STR_017,Electronics,65,9747.46,0
2025-05-07,STR_003,Toys,61,1664.67,0
2025-05-21,STR_014,Food,166,1318.7,1
2025-07-21,STR_008,Toys,27,642.21,0
2025-07-18,STR_002,Electronics,19,2713.76,0
2025-06-08,STR_004,Home,58,4589.88,1
2025-04-23,STR_003,Electronics,71,10214.81,0
2025-09-02,STR_018,Food,25,201.64,0
2025-07-27,STR_009,Home,24,1874.48,0
2025-03-16,STR_020,Food,75,651.54,0
2025-01-20,STR_017,Electronics,26,3944.43,1
2025-10-10,STR_002,Toys,116,2705.66,1
2025-05-14,STR_011,Toys,93,2356.28,0
2025-12-11,STR_017,Toys,45,1136.45,0
2025-03-13,STR_005,Home,85,7409.34,0
2025-06-13,STR_002,Food,93,818.66,0
2025-07-24,STR_006,Home,92,7975.26,0
2025-10-17,STR_002,Food,58,463.6,0
2025-05-28,STR_012,Food,85,710.18,0
2025-06-12,STR_010,Food,62,526.65,0
2025-06-19,STR_007,Clothing,60,2653.0,0
2025-12-21,STR_005,Food,96,783.51,0
2025-05-05,STR_002,Electronics,22,3175.58,0
2025-02-10,STR_012,Electronics,50,6859.94,0
2025-05-20,STR_016,Food,37,322.94,0
2025-07-21,STR_006,Clothing,160,7124.96,1
2025-02-15,STR_012,Food,120,982.73,1
2025-04-04,STR_012,Clothing,39,1886.52,0
2025-05-13,STR_016,Food,35,280.84,0
2025-03-21,STR_002,Electronics,34,4632.71,0
2025-04-23,STR_002,Home,20,1619.24,0
2025-02-11,STR_001,Electronics,68,10743.2,0
2025-07-21,STR_003,Clothing,21,869.67,0
2025-01-18,STR_018,Electronics,100,13532.66,0
2025-10-09,STR_006,Home,69,5229.12,0
2025-05-11,STR_007,Electronics,132,19490.88,1
2025-11-29,STR_001,Toys,60,1610.51,0
2025-10-19,STR_013,Food,31,263.1,0
2025-12-16,STR_018,Toys,76,2031.15,0
2025-02-07,STR_019,Clothing,104,4797.72,1
2025-07-11,STR_018,Toys,15,375.03,0
2025-04-11,STR_010,Toys,52,1248.03,0
2025-02-20,STR_019,Food,54,493.07,0
2025-08-23,STR_002,Electronics,58,8921.68,0
2025-06-03,STR_005,Home,48,4105.42,1
2025-09-07,STR_013,Home,78,6785.78,0
2025-08-02,STR_016,Home,88,6692.35,0
2025-05-08,STR_011,Home,29,2165.05,0
2025-09-17,STR_013,Electronics,93,12585.37,0
2025-11-07,STR_005,Home,93,8122.02,0
2025-09-18,STR_003,Food,188,1698.57,1
2025-11-23,STR_009,Clothing,50,2041.78,0
2025-03-16,STR_002,Clothing,29,1176.64,0
2025-04-29,STR_002,Toys,56,1522.85,0
2025-05-18,STR_010,Toys,84,2011.26,0
2025-05-10,STR_004,Home,108,8576.01,1
2025-06-13,STR_013,Electronics,60,9042.84,0
2025-02-19,STR_002,Toys,46,1255.25,0
2025-07-02,STR_005,Home,19,1565.77,0
2025-07-07,STR_010,Food,55,511.47,0
2025-08-26,STR_016,Food,50,437.65,0
2025-05-16,STR_011,Food,26,237.31,0
2025-07-26,STR_015,Electronics,73,10527.79,0
2025-11-23,STR_002,Home,29,2518.72,0
2025-12-08,STR_003,Home,198,16699.89,1
2025-09-03,STR_019,Food,14,114.72,0
2025-04-11,STR_008,Home,37,3149.36,0
2025-09-25,STR_013,Food,40,360.03,0
2025-04-03,STR_003,Toys,63,1616.42,0
2025-05-02,STR_014,Food,39,346.4,0
2025-04-20,STR_007,Toys,34,832.88,0
2025-04-30,STR_015,Toys,51,1266.19,0
2025-11-14,STR_017,Food,75,625.23,0
2025-06-06,STR_014,Clothing,12,553.09,0
2025-07-23,STR_019,Toys,93,2484.07,0
2025-09-23,STR_020,Electronics,22,3333.01,0
2025-02-02,STR_010,Food,196,1671.28,1
2025-04-01,STR_009,Electronics,81,11888.59,0
2025-08-06,STR_014,Home,26,2271.35,0
2025-08-23,STR_016,Electronics,34,5368.38,0
2025-10-17,STR_015,Home,22,1745.12,1
2026-01-01,STR_020,Toys,62,1641.81,1
2025-09-06,STR_005,Food,91,844.78,0
2025-06-24,STR_001,Toys,39,1019.16,0
2025-11-30,STR_009,Home,158,12259.73,1
2025-06-14,STR_002,Home,78,5992.05,0
2025-06-16,STR_019,Toys,160,4169.22,1
2025-08-21,STR_011,Clothing,32,1429.89,0
2025-12-15,STR_003,Food,73,616.26,0
2025-09-26,STR_006,Electronics,51,8011.5,0
2025-02-27,STR_017,Electronics,47,7486.42,0
2025-09-15,STR_017,Food,61,506.18,0
2025-11-04,STR_006,Toys,128,3478.06,1
2025-07-29,STR_017,Clothing,36,1531.24,0
2025-10-07,STR_012,Electronics,14,2129.64,0
2025-06-02,STR_012,Clothing,176,7942.95,1
2025-12-08,STR_005,Home,72,5715.59,0
2025-07-17,STR_020,Food,40,349.01,0
2025-04-05,STR_018,Electronics,180,28683.87,1
2025-04-02,STR_011,Electronics,80,12082.88,0
2025-11-28,STR_004,Toys,20,537.71,0
2025-01-13,STR_014,Electronics,57,9074.07,0
2025-07-29,STR_009,Toys,29,701.24,0
2025-08-21,STR_015,Food,32,262.31,1
2025-05-28,STR_011,Home,59,5066.01,0
2025-12-15,STR_016,Clothing,68,3318.26,0
2025-02-11,STR_007,Electronics,44,6503.18,0
2025-07-13,STR_007,Food,80,658.55,0
2025-08-25,STR_014,Food,12,99.35,0
2025-10-20,STR_010,Clothing,32,1575.92,1
2025-09-14,STR_013,Clothing,33,1564.39,0
2025-11-13,STR_008,Food,12,97.87,0
2025-01-10,STR_008,Home,196,15216.36,1
2025-07-19,STR_019,Home,22,1725.82,1
2025-12-26,STR_007,Clothing,12,592.04,0
2025-05-02,STR_012,Food,188,1541.73,1
2025-01-07,STR_012,Electronics,150,20777.83,1
2025-12-02,STR_016,Food,47,433.52,0
2026-01-01,STR_003,Home,18,1544.66,0
2025-11-05,STR_016,Food,38,331.71,1
2025-11-12,STR_014,Food,63,578.82,0
2025-02-24,STR_018,Electronics,15,2469.58,0
2025-02-09,STR_003,Home,124,10770.56,1
2025-04-26,STR_011,Food,72,653.61,0
2025-09-15,STR_002,Toys,84,2195.24,1
2025-05-30,STR_018,Clothing,10,422.02,0
2025-03-30,STR_017,Food,44,389.79,1
2025-10-27,STR_017,Electronics,78,11242.74,0
2025-08-30,STR_009,Clothing,59,2571.53,0
2025-09-29,STR_005,Electronics,76,11319.45,1
2025-07-28,STR_016,Home,50,3614.64,1
2025-12-16,STR_009,Electronics,47,7158.93,0
2025-05-01,STR_019,Clothing,56,2667.17,0
2025-10-16,STR_019,Toys,120,3026.62,1
2025-06-20,STR_004,Food,95,758.29,0
2025-12-11,STR_010,Food,96,863.36,0
2025-04-22,STR_007,Food,13,119.64,0
2025-07-18,STR_017,Toys,65,1473.33,0
2025-07-15,STR_002,Electronics,68,10105.43,0
2025-01-02,STR_012,Clothing,84,3643.29,0
2025-04-23,STR_014,Home,33,2694.92,0
2025-03-20,STR_012,Food,15,117.48,0
2025-04-20,STR_002,Electronics,51,7533.96,0
2025-09-13,STR_011,Toys,28,739.39,0
2025-11-26,STR_018,Home,55,4623.64,0
2025-10-09,STR_008,Clothing,128,5402.48,1
2025-09-21,STR_020,Food,69,588.4,0
2025-05-12,STR_012,Food,26,237.92,1
2025-02-20,STR_005,Electronics,90,13260.01,1
2025-01-21,STR_007,Food,42,352.67,1
2025-10-10,STR_001,Food,23,176.25,0
2025-09-28,STR_020,Home,59,4585.21,0
2025-06-25,STR_013,Electronics,49,6689.86,0
2025-01-07,STR_004,Clothing,30,1364.09,0
2025-11-02,STR_019,Toys,98,2544.52,1
2025-05-08,STR_017,Toys,49,1318.65,0
2025-08-08,STR_005,Food,71,583.51,0
2025-01-27,STR_015,Electronics,59,9440.86,0
2025-12-06,STR_020,Food,136,1063.94,1
2025-10-21,STR_002,Home,192,14053.61,1
2025-10-21,STR_020,Toys,13,329.33,0
2025-09-05,STR_002,Toys,60,1557.21,1
2025-11-03,STR_011,Toys,61,1640.84,0
2025-03-01,STR_004,Electronics,37,5340.52,0
2025-08-21,STR_001,Home,162,11929.03,1
2025-06-23,STR_017,Toys,82,2023.96,0
2026-01-01,STR_012,Toys,25,647.06,0
2025-04-26,STR_002,Home,88,7061.48,0
2025-01-08,STR_019,Electronics,128,18392.34,1
2025-08-15,STR_010,Electronics,31,4820.38,0
2025-06-13,STR_005,Home,14,1134.16,0
2025-01-26,STR_003,Electronics,15,2436.42,0
2025-12-08,STR_014,Toys,93,2517.74,0
2025-03-27,STR_016,Electronics,14,2036.13,0
2025-02-07,STR_017,Toys,44,1077.02,1
2025-09-11,STR_014,Clothing,46,2070.69,0
2025-09-08,STR_006,Electronics,43,6151.04,0
2025-02-20,STR_003,Toys,48,1173.38,1
2025-11-09,STR_014,Food,79,675.56,0
2025-01-21,STR_002,Toys,58,1364.76,0
2025-11-02,STR_003,Electronics,36,5933.68,0
2025-12-18,STR_006,Toys,80,2089.92,0
2025-04-13,STR_020,Toys,98,2590.09,0
2025-06-10,STR_008,Electronics,100,13583.8,1
2025-05-11,STR_012,Food,81,710.45,0
2025-03-30,STR_018,Toys,11,254.22,0
2025-10-31,STR_009,Food,71,552.8,0
2025-05-11,STR_012,Clothing,64,2870.48,0
2025-08-31,STR_001,Food,90,766.65,0
2025-04-11,STR_009,Food,83,773.13,0
2025-03-27,STR_011,Home,66,4798.97,1
2025-11-17,STR_018,Home,12,880.77,0
2025-01-04,STR_018,Food,36,277.33,0
2025-10-11,STR_020,Home,66,4911.59,0
2025-05-24,STR_001,Clothing,84,3616.46,0
2025-10-20,STR_012,Toys,31,720.31,0
2025-07-24,STR_013,Home,59,5067.99,0
2025-12-31,STR_005,Electronics,92,15053.06,0
2025-02-20,STR_011,Electronics,48,6869.25,0
2025-08-04,STR_005,Clothing,31,1326.68,0
2025-01-19,STR_014,Food,38,340.19,0
2025-03-26,STR_004,Clothing,72,3192.15,1
2025-06-04,STR_014,Toys,34,923.87,0
2025-12-02,STR_008,Toys,138,3539.16,1
2025-05-13,STR_006,Electronics,17,2766.3,0
2025-02-03,STR_016,Food,22,178.91,1
2025-07-18,STR_001,Food,40,349.86,1
2025-10-26,STR_018,Food,87,706.48,0
2025-06-11,STR_006,Electronics,97,15726.72,0
2025-05-17,STR_004,Home,49,4128.41,0
2025-11-15,STR_016,Clothing,32,1495.93,0
2025-11-05,STR_006,Food,24,189.6,0
2025-09-08,STR_003,Food,38,312.21,0
2025-03-04,STR_019,Clothing,62,2527.06,1
2025-08-03,STR_002,Electronics,55,7811.59,0
2025-08-22,STR_003,Toys,51,1356.44,0
2025-11-05,STR_009,Clothing,86,3992.87,1
2025-02-27,STR_015,Clothing,85,3870.29,0
2025-02-02,STR_010,Home,17,1394.97,0
2025-05-26,STR_011,Electronics,20,2748.13,0
2025-02-18,STR_019,Clothing,77,3789.87,0
2025-05-17,STR_009,Clothing,140,5960.18,1
2025-11-22,STR_020,Food,59,486.58,0
2025-11-06,STR_007,Toys,22,568.04,0
2025-11-08,STR_014,Home,39,3293.93,0
2025-03-12,STR_001,Clothing,57,2538.28,0
2025-01-25,STR_011,Electronics,168,27142.85,1
2025-02-22,STR_004,Clothing,24,1039.63,1
2025-05-25,STR_015,Clothing,65,3097.15,0
2025-05-18,STR_005,Electronics,86,12774.1,0
2025-06-23,STR_009,Clothing,36,1734.19,0
2025-03-20,STR_020,Clothing,164,7212.69,1
2025-07-27,STR_002,Toys,77,1985.21,0
2025-03-02,STR_004,Home,19,1411.39,0
2025-09-04,STR_006,Electronics,54,8842.94,0
2025-09-24,STR_006,Home,50,3882.05,0
2025-01-23,STR_017,Electronics,48,6728.94,0
2025-11-05,STR_017,Food,93,762.09,0
2025-10-23,STR_011,Toys,24,582.0,0
2025-12-03,STR_010,Toys,22,529.47,0
2025-06-21,STR_012,Electronics,102,13950.16,1
2025-01-31,STR_013,Toys,77,2016.2,0
2025-11-13,STR_012,Toys,32,809.47,0
2025-01-27,STR_007,Food,87,713.44,0
2025-04-03,STR_013,Home,41,2974.18,0
2025-01-05,STR_008,Food,63,487.32,0
2025-03-28,STR_009,Home,39,3431.16,0
2025-08-06,STR_009,Electronics,80,12801.74,1
2025-12-31,STR_019,Clothing,11,517.5,0
2025-11-27,STR_005,Home,15,1094.52,0
2025-04-10,STR_013,Toys,83,1869.15,0
2025-05-05,STR_017,Toys,162,4288.43,1
2025-08-22,STR_013,Home,76,6424.51,0
2025-12-30,STR_009,Home,67,5764.46,0
2025-03-31,STR_005,Food,100,828.78,0
2025-11-26,STR_018,Clothing,44,1911.28,0
2025-01-05,STR_014,Home,138,10672.66,1
2025-06-05,STR_013,Home,126,10884.58,1
2025-09-17,STR_006,Food,97,884.41,0
2025-04-04,STR_020,Food,48,436.69,0
2025-04-25,STR_007,Clothing,97,4299.21,0
2025-04-02,STR_002,Toys,71,1874.77,0
2025-04-27,STR_017,Home,25,1885.64,0
2025-07-12,STR_011,Toys,61,1524.56,0
2025-07-19,STR_010,Clothing,66,2806.99,0
2025-02-07,STR_004,Electronics,13,1767.39,0
2025-01-14,STR_013,Toys,118,3081.7,1
2025-01-27,STR_013,Electronics,148,22659.69,1
2025-09-02,STR_014,Food,44,396.82,1
2025-04-16,STR_007,Electronics,98,13375.84,0
2025-07-21,STR_004,Toys,74,1691.31,0
2025-02-27,STR_020,Toys,11,287.78,0
2025-05-21,STR_014,Clothing,48,2364.64,1
2025-01-21,STR_020,Electronics,32,4851.37,0
2025-12-26,STR_006,Clothing,24,1054.54,0
2025-12-17,STR_013,Home,30,2212.93,0
2025-01-27,STR_016,Electronics,14,2198.22,0
2025-01-12,STR_001,Food,60,540.31,0
2025-09-08,STR_003,Toys,50,1245.43,0
2025-07-16,STR_011,Home,61,4940.43,0
2025-09-02,STR_006,Clothing,138,6294.24,1
2025-06-17,STR_001,Clothing,89,4193.53,0
2025-11-15,STR_017,Food,21,186.06,0
2025-06-06,STR_007,Food,158,1272.64,1
2025-12-08,STR_008,Food,75,680.15,0
2025-10-23,STR_018,Toys,134,3309.12,1
2025-07-03,STR_016,Electronics,81,13285.01,0
2025-11-05,STR_006,Food,37,297.85,0
2025-01-09,STR_019,Home,46,3586.28,0
2025-02-20,STR_019,Home,42,3401.9,0
2025-06-20,STR_012,Clothing,63,2853.34,0
2025-11-09,STR_002,Clothing,28,1232.12,0
2025-09-04,STR_008,Food,59,467.5,0
2025-09-29,STR_001,Clothing,29,1216.03,0
2025-05-09,STR_019,Food,27,215.86,0
2025-08-26,STR_014,Toys,23,592.11,0
2025-05-22,STR_005,Electronics,77,11779.56,0
2025-05-10,STR_005,Electronics,36,5530.29,0
2025-11-29,STR_004,Home,180,14573.66,1
2025-02-14,STR_007,Toys,91,2128.17,0
2025-03-01,STR_007,Home,108,9371.88,1
2025-12-20,STR_014,Toys,38,909.84,0
2025-01-15,STR_007,Home,44,3210.53,0
2025-08-19,STR_011,Clothing,100,4266.2,0
2025-08-17,STR_002,Toys,58,1489.54,0
2025-08-04,STR_020,Home,93,8146.78,0
2025-05-20,STR_011,Toys,76,1737.5,0
2025-09-18,STR_007,Electronics,46,6248.59,0
2025-11-09,STR_008,Food,190,1757.24,1
2025-11-28,STR_016,Food,80,691.24,0
2025-11-30,STR_005,Food,23,190.31,0
2025-12-12,STR_001,Toys,89,2237.3,0
2025-09-23,STR_005,Electronics,106,15837.56,1
2025-01-22,STR_013,Electronics,24,3634.47,0
2025-01-14,STR_010,Home,51,4310.57,0
2025-03-07,STR_016,Home,34,2922.12,0
2025-10-14,STR_003,Toys,51,1218.22,0
2025-06-18,STR_014,Electronics,70,10474.84,0
2025-03-15,STR_018,Clothing,56,2352.1,0
2025-09-30,STR_007,Electronics,61,9831.0,0
2025-11-30,STR_003,Clothing,56,2732.32,0
2025-08-07,STR_008,Toys,72,1730.0,0
2025-07-03,STR_011,Clothing,30,1310.24,0
2025-05-29,STR_016,Food,15,117.52,0
2025-05-12,STR_011,Electronics,92,13726.05,0
2025-10-09,STR_011,Home,26,2219.05,0
2025-06-18,STR_011,Toys,30,699.74,1
2025-10-16,STR_004,Food,97,863.64,0
2025-07-19,STR_011,Toys,77,1806.04,0
2025-11-12,STR_017,Toys,30,790.32,0
2025-08-10,STR_001,Electronics,152,23723.45,1
2025-09-02,STR_016,Toys,40,1082.91,1
2025-01-01,STR_002,Clothing,57,2560.21,0
2025-05-29,STR_013,Food,37,313.74,0
2025-10-01,STR_009,Home,69,5683.72,0
2025-03-25,STR_019,Electronics,96,15478.83,0
2025-02-08,STR_013,Clothing,162,7029.61,1
2025-05-15,STR_013,Home,79,5717.23,0
2025-12-22,STR_011,Food,99,796.89,0
2025-08-03,STR_006,Food,83,638.99,0
2025-09-13,STR_015,Home,51,4252.27,0
2025-08-10,STR_001,Home,18,1300.92,0
2025-06-15,STR_010,Toys,88,2380.93,0
2025-10-28,STR_009,Clothing,80,3871.53,0
2025-10-27,STR_002,Food,83,638.94,0
2025-07-14,STR_009,Electronics,12,1956.76,0
2025-06-08,STR_009,Home,152,12414.57,1
2025-10-04,STR_007,Food,94,797.22,1
2025-10-02,STR_008,Food,13,106.13,0
2025-08-23,STR_009,Food,68,543.53,0
2025-07-09,STR_007,Clothing,32,1551.37,0
2025-10-18,STR_017,Home,68,5283.68,0
2025-02-20,STR_006,Food,66,594.16,0
2025-05-07,STR_007,Clothing,53,2262.91,0
2025-05-14,STR_008,Toys,78,2085.2,0
2025-06-12,STR_006,Toys,59,1407.43,0
2025-02-20,STR_003,Toys,89,2137.09,0
2025-08-30,STR_005,Food,34,291.41,0
2025-01-01,STR_004,Food,31,287.51,0
2025-01-02,STR_009,Electronics,40,5517.82,0
2025-03-01,STR_012,Toys,15,394.72,0
2025-08-08,STR_016,Toys,60,1394.45,0
2025-11-19,STR_012,Clothing,77,3443.72,0
2025-10-15,STR_010,Home,89,7159.09,0
2025-07-01,STR_003,Toys,20,540.05,0
2025-10-07,STR_018,Clothing,170,7779.61,1
2025-08-21,STR_014,Food,61,476.07,0
2025-05-18,STR_010,Electronics,88,12329.03,0
2025-08-22,STR_016,Home,94,7828.35,0
2025-11-09,STR_006,Clothing,22,921.71,0
2025-05-03,STR_008,Home,188,13897.03,1
2025-10-11,STR_001,Clothing,73,3472.74,0
2025-12-29,STR_010,Electronics,45,6385.28,0
2025-02-16,STR_009,Clothing,81,3581.24,0
2025-05-14,STR_003,Clothing,81,3713.99,0
2025-05-09,STR_004,Toys,67,1736.02,0
2025-10-27,STR_018,Clothing,35,1559.31,0
2025-06-27,STR_017,Clothing,32,1368.89,0
2025-07-19,STR_019,Food,154,1181.94,1
2025-06-20,STR_018,Home,90,7420.5,0
2025-07-20,STR_009,Home,22,1614.73,0
2025-09-03,STR_002,Toys,19,431.28,0
2025-03-20,STR_006,Food,77,652.52,0
2025-04-07,STR_009,Toys,79,1863.14,0
2025-03-22,STR_001,Clothing,52,2431.23,1
2025-12-13,STR_014,Clothing,50,2265.76,0
2025-09-11,STR_007,Clothing,13,616.08,0
2025-05-06,STR_003,Toys,37,934.98,0
2025-09-27,STR_019,Clothing,100,4309.54,0
2025-08-23,STR_011,Clothing,60,2585.68,0
2025-05-19,STR_004,Home,36,3003.57,1
2025-01-06,STR_005,Food,18,142.17,0
2025-12-15,STR_008,Home,88,7030.3,0
2025-11-16,STR_012,Electronics,47,7403.37,0
2025-12-13,STR_018,Clothing,79,3901.08,0
2025-12-08,STR_012,Food,98,828.66,0
2025-06-29,STR_018,Electronics,86,13076.14,0
2025-02-04,STR_018,Food,26,216.52,1
2025-06-26,STR_013,Home,41,3434.62,0
2025-12-05,STR_003,Clothing,66,3020.58,0
2025-09-07,STR_017,Toys,20,486.06,1
2025-11-13,STR_012,Clothing,24,1024.54,0
2025-07-29,STR_004,Electronics,97,13839.3,0
2025-06-13,STR_015,Home,25,2019.76,0
2025-03-20,STR_007,Electronics,188,25719.73,1
2025-05-10,STR_003,Home,34,2773.79,0
2025-01-28,STR_020,Home,34,2627.72,1
2025-03-30,STR_015,Electronics,78,12701.76,0
2025-12-11,STR_006,Toys,20,460.5,0
2025-07-23,STR_014,Toys,38,1021.89,1
2025-11-07,STR_014,Electronics,36,5291.35,0
2025-01-13,STR_005,Electronics,44,6790.87,0
2025-08-02,STR_011,Home,12,1053.05,0
2025-04-01,STR_011,Home,97,8025.29,0
2025-06-09,STR_006,Food,36,299.21,0
2025-03-09,STR_017,Clothing,73,3163.05,0
2025-06-21,STR_016,Clothing,188,8999.81,1
2025-09-22,STR_017,Food,96,773.83,1
2025-10-16,STR_006,Toys,46,1248.43,0
2025-03-09,STR_019,Food,100,784.17,0
2025-06-14,STR_003,Electronics,55,8235.46,0
2025-08-28,STR_014,Electronics,142,22846.87,1
2025-02-12,STR_017,Food,152,1364.35,1
2025-01-17,STR_013,Toys,63,1639.74,0
2025-04-29,STR_019,Home,58,5065.65,0
2025-08-14,STR_011,Clothing,31,1330.72,0
2025-12-06,STR_001,Clothing,38,1706.97,0
2025-03-24,STR_002,Home,120,10374.68,1
2025-09-10,STR_011,Toys,74,1913.82,0
2025-03-30,STR_005,Home,76,6482.65,0
2025-11-11,STR_013,Toys,45,1190.43,0
2025-03-11,STR_018,Electronics,77,12619.05,0
2025-04-25,STR_001,Toys,91,2136.42,0
2025-01-06,STR_015,Home,45,3486.53,0
2025-12-03,STR_004,Clothing,72,3411.85,0
2025-02-03,STR_006,Home,134,11507.02,1
2025-01-12,STR_008,Clothing,57,2378.08,0
2025-07-16,STR_011,Food,84,736.84,0
2025-02-17,STR_002,Clothing,61,3000.41,0
2025-06-09,STR_007,Clothing,10,457.65,0
2025-06-28,STR_020,Clothing,40,1657.38,0
2025-08-14,STR_014,Clothing,35,1714.34,0
2025-02-16,STR_017,Clothing,100,4730.18,0
2025-11-17,STR_014,Food,45,384.06,0
2025-09-28,STR_006,Toys,72,1727.18,0
2025-01-15,STR_009,Home,166,14115.41,1
2025-08-18,STR_004,Toys,25,646.12,0
2025-09-01,STR_004,Electronics,71,9682.07,0
2025-04-08,STR_011,Electronics,77,11449.17,0
2025-06-26,STR_017,Clothing,38,1563.11,0
2025-09-04,STR_011,Electronics,90,14353.75,0
2025-04-20,STR_020,Clothing,24,1025.62,0
2025-05-12,STR_003,Toys,93,2506.54,0
2025-02-15,STR_013,Toys,27,652.9,0
2025-12-01,STR_003,Food,42,353.74,0
2025-10-22,STR_001,Food,89,731.86,0
2025-06-11,STR_014,Clothing,190,8243.3,1
2025-07-10,STR_007,Electronics,33,4751.42,0
2025-09-21,STR_004,Electronics,61,9801.59,0
2025-03-06,STR_001,Food,91,721.83,0
2025-10-08,STR_009,Home,96,7182.24,0
2025-03-06,STR_009,Food,12,107.52,0
2025-11-17,STR_014,Electronics,64,9845.85,1
2025-10-29,STR_018,Electronics,112,18091.87,1
2025-02-03,STR_006,Food,58,455.29,0
2025-06-08,STR_006,Food,130,1146.56,1
2025-12-14,STR_005,Electronics,19,2665.8,0
2025-11-12,STR_011,Electronics,190,29173.33,1
2025-10-08,STR_013,Food,60,488.18,0
2025-10-11,STR_009,Home,168,12304.88,1
2025-10-14,STR_005,Electronics,70,10116.6,0
2025-12-27,STR_005,Home,95,7370.64,0
2025-12-09,STR_009,Toys,48,1170.32,0
2025-09-02,STR_009,Food,56,446.53,0
2025-03-14,STR_020,Home,90,7485.19,1
2025-04-13,STR_010,Toys,54,1395.72,0
2025-04-20,STR_013,Toys,46,1086.33,0
2025-04-21,STR_011,Home,21,1830.96,0
2025-07-31,STR_007,Home,75,5584.06,0
2025-11-12,STR_003,Electronics,40,6365.03,0
2025-08-08,STR_016,Home,96,7741.45,0
2025-04-29,STR_019,Home,154,13107.95,1
2025-12-06,STR_006,Clothing,32,1488.06,0
2025-05-25,STR_018,Toys,120,2740.54,1
2025-03-17,STR_003,Electronics,31,4793.59,0
2025-11-03,STR_008,Food,108,925.1,1
2025-02-06,STR_009,Electronics,70,10329.91,0
2025-06-29,STR_003,Electronics,64,9211.67,0
2025-03-17,STR_009,Toys,27,642.61,0
2025-09-01,STR_010,Toys,34,904.51,0
2025-02-27,STR_008,Home,33,2394.66,0
2025-01-23,STR_020,Electronics,31,4658.17,0
2025-04-30,STR_007,Home,100,8310.48,0
2025-01-25,STR_007,Clothing,138,5644.83,1
2025-04-25,STR_011,Clothing,116,5560.53,1
2025-09-29,STR_011,Clothing,20,958.06,1
2025-02-27,STR_007,Electronics,122,17986.45,1
2025-11-11,STR_005,Food,15,119.94,0
2025-02-08,STR_005,Electronics,95,14565.51,0
2025-06-18,STR_020,Toys,42,966.06,0
2025-09-20,STR_013,Food,59,467.74,0
2025-01-23,STR_001,Toys,46,1169.81,0
2025-01-25,STR_017,Home,70,6070.47,0
2025-05-05,STR_012,Home,56,4925.46,0
2025-10-15,STR_013,Food,79,607.94,0
2025-01-28,STR_019,Home,55,4575.91,0
2025-11-02,STR_014,Home,23,1777.43,0
2025-04-09,STR_001,Clothing,59,2477.42,0
2025-07-31,STR_007,Toys,72,1891.5,1
2025-03-25,STR_020,Toys,20,502.89,1
2025-06-03,STR_002,Home,65,5292.73,0
2025-06-22,STR_016,Toys,52,1300.07,0
2025-11-30,STR_013,Home,61,5010.2,0
2025-03-08,STR_002,Toys,94,2371.27,0
2025-11-30,STR_015,Toys,35,791.17,0
2025-07-10,STR_006,Electronics,110,16337.47,1
2025-05-04,STR_002,Clothing,30,1322.37,1
2025-10-17,STR_013,Food,31,268.03,0
2025-09-02,STR_018,Home,25,1850.48,0
2025-05-16,STR_018,Electronics,89,13972.04,0
2025-12-16,STR_015,Electronics,94,14673.86,0
2025-03-20,STR_003,Electronics,160,25552.8,1
2025-04-03,STR_009,Home,99,8256.38,0
2025-12-14,STR_017,Toys,44,1153.23,0
2025-11-24,STR_001,Food,40,339.37,0
2025-06-03,STR_012,Clothing,32,1509.38,0
2025-10-08,STR_012,Home,50,4359.75,0
2025-11-05,STR_006,Electronics,41,6726.84,0
2025-01-07,STR_008,Home,27,2105.44,0
2025-05-03,STR_009,Toys,92,2482.07,0
2025-08-22,STR_019,Home,56,4829.97,0
2025-03-04,STR_014,Food,22,186.44,1
2025-09-19,STR_012,Food,136,1244.56,1
2025-07-27,STR_016,Food,130,1213.63,1
2025-09-11,STR_019,Clothing,44,1860.98,0
2025-03-05,STR_013,Toys,69,1692.97,0
2025-05-04,STR_008,Home,25,2101.83,0
2025-07-15,STR_010,Toys,51,1151.14,0
2025-02-17,STR_009,Toys,30,817.92,1
2025-08-01,STR_020,Toys,72,1692.6,0
2025-09-13,STR_008,Home,76,6191.75,1
2025-01-03,STR_011,Toys,27,641.69,0
2025-09-24,STR_013,Home,24,1974.44,1
2025-04-11,STR_019,Electronics,90,14702.63,1
2025-05-29,STR_013,Clothing,61,2684.51,0
2025-09-18,STR_017,Clothing,22,915.08,0
2025-05-25,STR_011,Home,76,6064.63,0
2025-03-10,STR_002,Clothing,40,1739.65,0
2025-08-08,STR_019,Electronics,146,19755.44,1
2025-10-02,STR_011,Clothing,29,1219.08,0
2025-03-18,STR_003,Toys,42,1094.56,1
2025-09-27,STR_015,Toys,72,1624.84,0
2025-08-27,STR_010,Home,51,3853.23,0
2025-04-06,STR_018,Electronics,15,2298.58,0
2025-04-30,STR_016,Home,146,10724.31,1
2025-05-25,STR_005,Electronics,56,9024.33,0
2025-06-03,STR_004,Food,22,188.58,1
2025-09-03,STR_017,Home,54,4278.74,0
2025-06-23,STR_017,Home,61,5115.76,0
2025-05-14,STR_011,Food,72,610.85,0
2025-01-04,STR_007,Clothing,10,411.56,0
2025-06-15,STR_007,Food,55,430.21,0
2025-12-27,STR_013,Electronics,71,10687.16,0
2025-01-09,STR_016,Home,146,11408.45,1
2025-03-09,STR_008,Toys,64,1722.51,0
2025-06-01,STR_010,Clothing,69,2969.64,0
2025-12-05,STR_020,Clothing,57,2316.47,0
2025-12-05,STR_019,Electronics,19,2672.84,0
2025-09-11,STR_017,Home,168,14579.78,1
2025-06-27,STR_001,Toys,10,237.37,0
2025-01-10,STR_017,Electronics,178,25933.3,1
2025-06-29,STR_002,Clothing,96,4119.44,0
2025-02-23,STR_010,Electronics,13,2034.95,0
2025-03-13,STR_014,Electronics,98,14681.3,0
2025-08-27,STR_015,Food,18,148.89,0
2025-10-02,STR_017,Food,67,546.64,0
2025-07-28,STR_017,Toys,10,251.78,0
2025-09-11,STR_017,Clothing,60,2541.26,0
2025-03-09,STR_010,Electronics,27,3912.88,0
2025-01-08,STR_018,Electronics,65,9892.82,0
2025-03-05,STR_020,Home,97,7997.18,0
2025-08-08,STR_012,Clothing,60,2866.09,0
2025-07-10,STR_004,Clothing,61,2600.07,0
2025-04-15,STR_007,Clothing,56,2763.43,0
2025-08-05,STR_009,Toys,66,1543.92,0
2025-11-03,STR_008,Food,43,393.76,0
2025-01-20,STR_010,Electronics,50,8017.45,0
2025-09-14,STR_005,Toys,79,1819.79,0
2025-08-16,STR_016,Home,25,1978.25,0
2025-01-18,STR_010,Clothing,84,3438.25,0
2025-02-22,STR_016,Toys,148,3872.03,1
2025-01-01,STR_008,Food,65,605.47,0
2025-02-13,STR_004,Electronics,142,23398.33,1
2025-03-31,STR_011,Toys,53,1448.66,0
2025-03-25,STR_012,Home,148,11402.65,1
2025-07-24,STR_020,Clothing,16,732.44,0
2025-07-25,STR_003,Clothing,16,729.13,0
2025-02-06,STR_006,Home,33,2634.04,0
2025-02-27,STR_020,Toys,88,1991.01,1
2025-06-29,STR_016,Home,91,6716.57,0
2025-12-25,STR_015,Food,89,786.17,0
2025-02-10,STR_012,Toys,45,1070.61,0
2025-04-15,STR_009,Food,72,558.79,0
2025-01-13,STR_002,Home,98,7210.62,0
2025-12-13,STR_011,Electronics,192,30070.8,1
2025-01-14,STR_006,Toys,65,1477.81,0
2025-09-12,STR_009,Toys,52,1371.57,0
2025-01-15,STR_002,Electronics,81,10943.55,0
2025-09-26,STR_016,Home,100,7483.05,0
2025-09-07,STR_015,Food,59,525.15,0
2025-01-04,STR_014,Food,91,769.27,0
2025-07-17,STR_008,Electronics,40,5927.53,0
2025-03-17,STR_013,Clothing,96,4452.64,0
2025-12-29,STR_015,Toys,70,1625.82,0
2025-07-03,STR_004,Electronics,19,3030.38,0
2025-06-19,STR_001,Electronics,76,11487.78,0
2025-05-01,STR_015,Electronics,99,15242.5,0
2025-04-13,STR_002,Food,88,688.29,0
2025-05-03,STR_001,Home,56,4908.33,0
2025-04-20,STR_001,Clothing,24,1083.89,0
2025-01-28,STR_009,Home,12,985.03,0
2025-05-16,STR_011,Home,16,1319.31,0
2025-12-16,STR_013,Food,12,97.09,0
2025-01-18,STR_002,Home,124,9907.6,1
2025-04-30,STR_016,Home,17,1357.26,0
2025-04-06,STR_014,Electronics,86,12844.39,0
2025-07-02,STR_005,Toys,10,226.39,0
2025-01-12,STR_006,Electronics,112,15973.4,1
2025-05-10,STR_011,Food,116,1065.16,1
2025-11-24,STR_012,Electronics,73,10087.42,0
2025-04-03,STR_004,Electronics,62,10155.52,0
2025-07-09,STR_006,Home,14,1163.57,0
2025-07-16,STR_017,Toys,53,1344.46,0
2025-02-12,STR_012,Electronics,41,5998.41,0
2025-09-28,STR_012,Food,47,435.21,0
2025-07-21,STR_010,Home,65,5319.88,0
2025-02-20,STR_020,Clothing,90,4118.54,0
2025-11-02,STR_013,Clothing,12,493.15,0
2025-02-09,STR_003,Toys,70,1637.08,0
2025-12-15,STR_018,Toys,83,2056.35,0
2025-03-17,STR_004,Clothing,93,4413.03,0
2025-04-26,STR_007,Electronics,56,9108.8,0
2025-11-24,STR_006,Toys,41,1001.0,0
2025-09-09,STR_020,Clothing,100,4328.94,0
2025-10-03,STR_016,Clothing,15,636.69,0
2025-02-04,STR_001,Electronics,45,6972.57,0
2025-01-31,STR_015,Home,90,6766.59,0
2025-04-06,STR_011,Toys,35,832.29,0
2025-03-07,STR_004,Electronics,100,14619.53,0
2025-04-04,STR_015,Food,20,167.3,0
2025-02-05,STR_012,Clothing,73,3116.74,0
2025-02-02,STR_016,Home,30,2538.44,0
2025-12-02,STR_016,Home,68,5776.82,0
2025-01-21,STR_009,Toys,48,1133.54,0
2025-03-07,STR_003,Home,82,6774.29,1
2025-04-22,STR_010,Home,15,1295.26,0
2025-07-13,STR_017,Food,86,776.53,0
2025-01-05,STR_020,Electronics,18,2853.69,0
2025-04-28,STR_017,Clothing,32,1407.5,0
2025-12-05,STR_017,Electronics,66,10088.52,0
2025-04-23,STR_019,Clothing,51,2336.03,0
2025-07-26,STR_004,Food,73,661.49,0
2025-03-15,STR_002,Food,48,438.75,0
2025-02-28,STR_008,Electronics,10,1390.79,0
2025-02-01,STR_005,Food,58,456.55,0
2025-01-26,STR_011,Food,44,345.27,0
2025-09-08,STR_012,Clothing,16,727.21,0
2025-06-14,STR_006,Food,41,366.33,0
2025-08-31,STR_006,Home,73,6342.58,0
2025-05-05,STR_018,Food,18,151.72,0
2025-01-15,STR_019,Clothing,66,3170.26,0
2025-08-30,STR_004,Food,68,630.03,0
2025-08-13,STR_010,Clothing,61,2936.92,0
2025-02-06,STR_007,Home,86,7450.62,1
2025-08-06,STR_002,Food,78,680.3,0
2025-01-21,STR_010,Electronics,31,4406.97,0
2025-05-30,STR_001,Toys,31,755.49,0
2025-05-22,STR_001,Home,65,5590.16,0
2025-12-15,STR_005,Home,42,3133.37,0
2025-12-07,STR_020,Toys,30,711.27,0
2025-08-28,STR_010,Food,78,631.55,0
2025-10-22,STR_015,Electronics,20,2857.46,0
2025-04-15,STR_003,Food,80,629.77,0
2025-10-13,STR_003,Clothing,53,2374.21,0
2025-05-20,STR_002,Home,54,4162.07,0
2025-07-21,STR_001,Clothing,100,4315.94,0
2025-04-30,STR_001,Home,14,1057.28,0
2025-02-20,STR_011,Toys,80,1986.92,0
2025-10-26,STR_007,Clothing,88,3984.9,1
2025-09-24,STR_014,Clothing,81,3668.82,0
2025-02-13,STR_014,Clothing,178,7647.87,1
2025-02-16,STR_017,Electronics,18,2602.86,0
2025-08-24,STR_008,Electronics,64,8664.96,0
2025-05-13,STR_018,Toys,86,2303.81,0
2025-04-22,STR_019,Clothing,32,1498.29,0
2025-03-12,STR_019,Clothing,150,6219.32,1
2025-11-18,STR_015,Toys,21,524.71,0
2025-04-09,STR_010,Food,59,539.67,0
2025-02-10,STR_001,Clothing,69,3323.54,0
2025-09-12,STR_010,Food,39,310.24,0
2025-10-08,STR_010,Home,94,8139.24,1
2025-10-18,STR_003,Toys,96,2195.47,1
2025-01-03,STR_013,Home,68,5769.14,0
2025-03-08,STR_006,Electronics,48,7851.63,0
2025-08-28,STR_010,Electronics,62,10117.89,0
2025-03-26,STR_007,Food,66,575.11,1
2025-02-17,STR_007,Clothing,76,3452.68,0
2025-09-07,STR_015,Electronics,89,13454.8,0
2025-08-26,STR_007,Home,180,15030.21,1
2025-07-01,STR_015,Home,79,6448.15,0
2025-05-20,STR_004,Food,64,526.51,0
2025-10-21,STR_017,Electronics,87,12434.48,0
2025-08-09,STR_016,Toys,87,2080.71,0
2025-08-05,STR_003,Food,76,693.96,0
2025-09-13,STR_016,Toys,110,2670.82,1
2025-12-20,STR_019,Electronics,35,5599.53,0
2025-06-01,STR_016,Electronics,13,1813.36,0
2025-09-18,STR_009,Home,22,1895.68,0
2025-05-17,STR_003,Home,70,5224.01,1
2025-07-24,STR_009,Food,96,740.32,1
2025-05-25,STR_009,Electronics,21,2925.83,0
2025-05-01,STR_016,Toys,48,1253.13,0
2025-06-03,STR_009,Electronics,46,7384.67,0
2025-12-03,STR_010,Home,36,3060.95,0
2025-12-05,STR_002,Home,45,3530.23,0
2025-07-04,STR_015,Clothing,71,3506.29,0
2025-09-05,STR_001,Clothing,38,1600.21,0
2025-10-16,STR_002,Food,79,728.83,0
2025-08-31,STR_007,Clothing,32,1550.02,0
2025-03-19,STR_011,Clothing,29,1339.0,0
2025-09-18,STR_012,Toys,38,905.71,0
2025-10-28,STR_014,Food,29,242.53,0
2025-03-23,STR_003,Home,92,7984.28,0
2025-11-22,STR_004,Clothing,55,2692.34,0
2025-05-27,STR_016,Food,56,455.73,0
2025-10-15,STR_004,Electronics,194,30256.1,1
2025-06-25,STR_015,Home,80,6823.82,1
2025-08-05,STR_012,Food,84,771.03,0
2025-05-07,STR_003,Toys,92,2436.47,0
2025-12-26,STR_016,Toys,100,2526.72,0
2025-03-28,STR_006,Home,93,8093.82,0
2025-06-05,STR_003,Home,14,1044.17,0
2025-08-02,STR_001,Toys,13,354.68,0
2025-08-13,STR_008,Electronics,72,11744.82,0
2025-06-12,STR_016,Clothing,94,4432.91,1
2025-11-26,STR_008,Home,33,2829.18,0
2025-11-09,STR_009,Home,86,6922.76,1
2025-02-23,STR_010,Electronics,87,12446.09,0
2025-06-01,STR_013,Food,73,639.79,0
2025-05-05,STR_016,Home,18,1299.39,0
2025-01-15,STR_010,Home,104,7735.32,1
2025-05-20,STR_020,Clothing,168,8009.03,1
2025-06-24,STR_009,Toys,24,571.67,0
2025-03-28,STR_018,Clothing,182,8213.22,1
2025-12-29,STR_003,Clothing,72,3502.76,0
2025-08-30,STR_006,Food,64,516.79,0
2025-11-21,STR_002,Electronics,91,13938.04,0
2025-01-29,STR_006,Electronics,76,10481.43,0
2025-04-22,STR_005,Clothing,97,4666.67,0
2025-05-23,STR_009,Clothing,38,1545.22,1
2025-03-30,STR_004,Clothing,57,2817.53,0
2025-10-07,STR_020,Toys,22,525.13,0
2025-05-15,STR_020,Electronics,29,4223.22,0
2025-09-27,STR_009,Toys,87,2297.49,0
2025-07-12,STR_019,Toys,13,337.21,0
2025-07-02,STR_010,Food,64,537.25,0
2025-07-16,STR_005,Food,178,1644.68,1
2025-01-10,STR_007,Toys,116,2764.64,1
2025-01-09,STR_013,Food,91,803.69,0
2025-01-06,STR_011,Clothing,29,1259.18,0
2025-03-11,STR_013,Food,64,566.13,0
2025-11-09,STR_018,Clothing,24,1130.98,0
2025-01-09,STR_007,Electronics,75,12196.84,0
2025-08-07,STR_013,Food,12,98.32,0
2025-07-29,STR_015,Food,72,575.57,0
2025-07-13,STR_009,Electronics,69,10712.27,0
2025-03-31,STR_017,Electronics,13,2091.67,0
2025-10-27,STR_006,Food,28,257.47,0
2025-05-17,STR_008,Clothing,29,1319.5,0
2025-09-16,STR_004,Clothing,60,2880.69,0
2025-01-01,STR_005,Food,90,820.86,0
2025-07-13,STR_015,Food,156,1382.86,1
2025-01-31,STR_014,Electronics,72,11270.01,1
2025-05-13,STR_015,Clothing,67,2977.79,0
2025-01-03,STR_017,Toys,88,2322.97,0
2025-01-18,STR_013,Electronics,75,11505.3,0
2025-06-03,STR_015,Food,66,559.82,1
2025-04-13,STR_011,Toys,51,1384.33,0
2025-10-01,STR_011,Electronics,76,10282.24,0
2025-08-01,STR_020,Food,81,625.07,0
2025-06-27,STR_006,Toys,31,797.28,0
2025-07-24,STR_007,Electronics,78,12440.85,0
2025-03-14,STR_001,Home,180,14244.23,1
2025-05-18,STR_016,Home,28,2162.02,0
2025-07-17,STR_016,Clothing,82,3670.44,0
2025-06-04,STR_016,Food,51,446.14,0
2025-02-06,STR_015,Toys,29,758.86,0
2025-06-16,STR_005,Home,31,2520.24,0
2025-03-28,STR_016,Toys,42,1143.92,0
2025-12-26,STR_010,Food,94,778.74,0
2025-01-19,STR_015,Toys,20,538.01,0
2025-11-06,STR_010,Electronics,27,3824.41,0
2025-05-26,STR_016,Food,10,81.79,0
2025-10-02,STR_005,Electronics,100,16406.8,0
2025-12-26,STR_020,Home,38,3244.61,0
2025-08-23,STR_020,Home,44,3270.29,0
2025-10-09,STR_002,Toys,126,3287.25,1
2025-11-30,STR_001,Clothing,23,1034.33,0
2025-01-14,STR_008,Toys,47,1070.16,0
2025-08-08,STR_018,Clothing,11,510.98,0
2025-08-14,STR_017,Toys,74,1900.82,1
2025-03-27,STR_002,Food,37,338.74,0
2025-03-12,STR_005,Home,53,4216.33,0
2025-08-17,STR_013,Clothing,36,1629.34,0
2025-04-30,STR_010,Home,11,938.02,0
2025-05-23,STR_020,Toys,40,920.05,0
2025-03-29,STR_014,Home,68,5346.71,0
2025-10-02,STR_017,Food,14,108.61,0
2025-02-12,STR_013,Electronics,24,3890.71,0
2025-11-10,STR_009,Food,32,291.68,1
2025-12-07,STR_004,Food,42,388.89,0
2025-01-13,STR_010,Electronics,38,5270.22,0
2025-03-26,STR_008,Food,19,147.52,0
2025-09-13,STR_001,Electronics,92,14910.27,1
2025-12-02,STR_014,Food,31,251.68,0
2025-04-11,STR_003,Toys,31,734.53,0
2025-04-03,STR_005,Electronics,44,6330.47,0
2025-02-02,STR_014,Electronics,80,11495.1,1
2025-11-01,STR_019,Food,38,336.46,0
2025-10-24,STR_011,Food,85,706.48,0
2025-01-06,STR_004,Toys,96,2623.72,0
2025-12-29,STR_006,Clothing,97,4056.93,0
2025-08-20,STR_014,Clothing,76,3368.16,0
2025-01-24,STR_012,Toys,91,2248.41,0
2025-12-15,STR_014,Food,76,586.86,1
2025-07-07,STR_007,Clothing,39,1825.79,0
2025-04-13,STR_020,Clothing,58,2723.55,1
2025-06-02,STR_007,Toys,60,1589.22,0
2025-07-04,STR_008,Toys,21,516.6,0
2025-09-26,STR_002,Clothing,19,812.24,0
2025-02-18,STR_013,Home,48,3581.94,0
2025-04-03,STR_011,Food,116,971.22,1
2025-10-30,STR_002,Toys,68,1703.45,0
2025-01-31,STR_002,Clothing,24,1152.59,0
2025-09-03,STR_007,Food,17,130.36,0
2025-03-25,STR_013,Clothing,152,6953.24,1
2025-03-23,STR_014,Clothing,74,3615.68,0
2025-03-22,STR_010,Toys,85,2322.59,0
2025-10-18,STR_013,Toys,86,2126.98,0
2025-04-24,STR_003,Toys,81,2105.38,0
2025-11-10,STR_001,Clothing,152,7342.48,1
2025-05-15,STR_016,Food,54,465.88,0
2025-10-12,STR_010,Toys,60,1367.12,0
2025-05-04,STR_008,Electronics,37,5698.1,0
2025-05-08,STR_012,Clothing,82,4058.74,0
2025-08-05,STR_014,Electronics,96,14903.8,0
2025-11-27,STR_019,Food,94,856.53,0
2025-06-30,STR_010,Home,73,5603.98,0
2025-01-19,STR_019,Electronics,44,6940.81,0
2025-04-30,STR_008,Food,61,506.98,0
2025-10-28,STR_003,Food,59,481.47,0
2025-01-19,STR_016,Home,45,3410.35,0
2025-07-19,STR_001,Food,78,603.04,1
2025-11-21,STR_012,Home,23,1756.74,0
2025-01-31,STR_006,Clothing,32,1302.42,0
2025-02-22,STR_004,Clothing,95,4449.45,0
2025-04-20,STR_015,Electronics,28,4160.25,1
2025-12-08,STR_003,Clothing,58,2767.91,1
2025-03-01,STR_005,Home,142,10380.18,1
2025-05-24,STR_004,Food,56,458.41,1
2025-03-10,STR_009,Electronics,60,9614.25,0
2025-05-19,STR_008,Toys,31,796.58,0
2025-10-07,STR_011,Clothing,28,1297.84,0
2025-08-02,STR_017,Clothing,174,8235.85,1
2025-03-23,STR_016,Toys,35,844.85,0
2025-10-24,STR_009,Electronics,186,26717.36,1
2025-05-15,STR_007,Electronics,21,3461.32,0
2025-12-05,STR_015,Home,16,1317.0,0
2025-06-26,STR_010,Home,17,1381.18,0
2025-07-05,STR_018,Electronics,170,27440.37,1
2025-04-01,STR_020,Toys,70,1596.15,1
2025-12-01,STR_001,Toys,152,4059.33,1
2025-10-19,STR_020,Toys,59,1442.61,0
2025-11-20,STR_016,Electronics,92,14686.94,0
2025-12-30,STR_001,Electronics,92,13777.64,1
2025-11-24,STR_018,Home,182,15742.5,1
2025-10-19,STR_011,Home,49,3958.47,0
2025-09-09,STR_006,Food,80,638.76,0
2025-09-09,STR_005,Electronics,34,4985.48,1
2025-05-28,STR_007,Toys,98,2460.23,0
2025-08-02,STR_003,Food,43,365.48,0
2025-01-29,STR_015,Food,89,704.88,0
2025-09-18,STR_009,Food,30,257.56,0
2025-02-16,STR_008,Electronics,91,12641.93,0
2025-05-03,STR_015,Electronics,45,6692.5,0
2025-11-07,STR_005,Clothing,75,3243.52,0
2025-03-10,STR_003,Electronics,66,10559.89,1
2025-07-22,STR_012,Food,54,475.35,0
2025-01-30,STR_009,Food,100,837.96,0
2025-12-02,STR_014,Clothing,99,4291.14,0
2025-02-12,STR_005,Clothing,162,7207.02,1
2025-01-14,STR_020,Electronics,128,17541.3,1
2025-03-06,STR_007,Home,83,6471.01,0
2025-11-05,STR_016,Toys,75,2020.64,0
2025-12-19,STR_009,Toys,65,1744.06,0
2025-05-08,STR_007,Clothing,72,3208.88,0
2025-09-29,STR_014,Clothing,83,3827.86,0
2025-10-22,STR_016,Clothing,30,1294.54,0
2025-10-18,STR_013,Clothing,104,4899.4,1
2025-07-23,STR_015,Toys,16,378.26,0
2025-01-24,STR_016,Clothing,160,6670.92,1
2025-09-10,STR_019,Home,96,7602.99,1
2025-04-09,STR_012,Home,93,8005.22,0
2025-11-28,STR_019,Electronics,18,2821.03,0
2025-10-21,STR_010,Electronics,150,22176.12,1
2025-02-04,STR_015,Clothing,83,3937.68,0
2025-09-10,STR_020,Electronics,84,12006.49,0
2025-02-04,STR_014,Electronics,25,3466.65,0
2025-05-05,STR_003,Toys,29,725.88,0
2025-01-17,STR_020,Electronics,138,22092.05,1
2025-09-16,STR_011,Clothing,18,737.56,0
2025-06-14,STR_008,Home,96,7665.35,0
2025-07-07,STR_006,Toys,77,1890.36,0
2025-11-03,STR_005,Food,34,260.81,0
2025-08-27,STR_016,Electronics,34,4796.81,0
2025-07-05,STR_007,Clothing,42,1803.25,1
2025-06-24,STR_010,Toys,198,5028.37,1
2025-12-04,STR_009,Electronics,62,9350.5,0
2025-10-27,STR_004,Clothing,62,2694.7,0
2025-02-13,STR_003,Electronics,82,11321.67,0
2025-06-28,STR_013,Home,54,4682.08,0
2025-03-30,STR_017,Food,148,1231.36,1
2025-01-09,STR_009,Electronics,28,3798.98,1
2025-01-27,STR_020,Food,190,1721.29,1
2025-06-06,STR_006,Clothing,194,9310.18,1
2025-06-08,STR_008,Home,85,6915.13,0
2025-05-21,STR_009,Home,13,966.83,0
2025-12-31,STR_007,Home,130,10926.1,1
2025-10-30,STR_020,Clothing,80,3339.23,1
2025-05-01,STR_015,Clothing,34,1615.63,1
2025-09-29,STR_010,Electronics,57,8945.03,0
2025-02-07,STR_010,Electronics,60,8221.97,0
2025-12-24,STR_009,Clothing,30,1341.42,0
2025-08-30,STR_020,Electronics,11,1516.91,0
2025-09-03,STR_014,Toys,50,1292.07,0
2025-08-26,STR_011,Clothing,46,2225.91,0
2025-04-05,STR_001,Home,48,3608.89,0
2025-04-26,STR_019,Clothing,95,3960.59,0
2025-01-17,STR_019,Home,64,5489.74,0
2025-07-27,STR_019,Electronics,83,12817.3,0
2025-06-01,STR_005,Clothing,87,3988.72,0
2025-05-03,STR_010,Food,148,1178.41,1
2025-06-16,STR_002,Toys,55,1365.62,0
2025-11-03,STR_011,Toys,90,2242.48,1
2025-10-17,STR_010,Home,188,15493.97,1
2025-07-08,STR_014,Food,20,180.31,0
2025-11-10,STR_015,Electronics,65,9719.85,0
2025-09-13,STR_004,Food,68,542.54,0
2025-09-19,STR_014,Home,86,7326.07,1
2025-03-22,STR_005,Electronics,174,24872.55,1
2025-09-20,STR_014,Toys,14,339.64,0
2025-02-03,STR_015,Home,39,3375.99,0
2025-11-21,STR_015,Clothing,86,4211.14,0
2025-08-09,STR_012,Food,96,872.74,0
2025-12-13,STR_011,Electronics,174,24779.24,1
2025-10-16,STR_016,Toys,37,844.23,0
2025-05-31,STR_009,Food,188,1654.27,1
2025-12-12,STR_001,Food,97,904.36,0
2025-06-12,STR_011,Food,99,896.48,0
2025-05-27,STR_018,Clothing,28,1234.44,0
2025-10-10,STR_008,Home,24,2108.06,0
2025-06-12,STR_012,Home,91,7640.28,0
2025-11-18,STR_007,Clothing,19,859.04,0
2025-10-22,STR_018,Electronics,73,10548.04,0
2025-12-09,STR_001,Home,76,5551.44,0
2025-01-24,STR_006,Food,76,581.88,0
2025-02-06,STR_020,Clothing,156,7478.27,1
2025-08-18,STR_019,Clothing,15,664.55,0
2025-10-26,STR_007,Toys,17,444.78,0
2025-05-06,STR_006,Home,81,6815.85,0
2025-06-02,STR_014,Toys,198,4632.16,1
2025-05-23,STR_018,Food,34,296.1,0
2025-02-24,STR_003,Clothing,57,2378.69,0
2025-08-09,STR_014,Toys,42,1123.38,0
2025-10-28,STR_015,Home,46,3806.54,0
2025-03-28,STR_013,Clothing,70,3340.1,0
2025-07-18,STR_011,Food,97,831.37,0
2025-01-06,STR_006,Clothing,96,4681.04,0
2025-01-16,STR_018,Toys,54,1409.08,0
2025-05-08,STR_016,Food,17,157.02,0
2025-06-23,STR_014,Clothing,12,486.56,0
2025-06-05,STR_018,Toys,22,554.38,0
2025-01-08,STR_010,Clothing,14,570.56,0
2025-06-14,STR_018,Electronics,70,10118.24,0
2025-12-09,STR_013,Toys,91,2357.41,0
2025-03-21,STR_006,Clothing,45,2173.56,0
2025-10-15,STR_019,Electronics,168,25042.16,1
2025-10-25,STR_015,Home,25,2182.47,0
2025-05-25,STR_012,Home,28,2296.45,0
2025-08-22,STR_017,Clothing,102,4736.08,1
2025-08-09,STR_006,Electronics,62,8776.49,0
2025-01-30,STR_020,Electronics,74,11191.18,0
2025-09-02,STR_012,Clothing,34,1642.2,0
2025-12-23,STR_016,Food,92,756.84,0
2025-06-29,STR_007,Toys,89,2408.22,0
2025-04-13,STR_006,Electronics,17,2467.42,0
2025-03-04,STR_002,Home,50,4049.02,0
2025-04-03,STR_017,Toys,97,2406.0,0
2025-06-23,STR_019,Food,19,158.65,0
2025-10-27,STR_017,Toys,64,1743.97,1
2025-02-04,STR_016,Clothing,97,4086.46,0
2025-09-28,STR_002,Toys,18,477.02,0
2025-11-03,STR_004,Home,128,11157.89,1
2025-04-25,STR_015,Toys,31,785.45,0
2025-05-16,STR_003,Food,69,605.27,0
2025-01-24,STR_009,Home,66,5392.71,0
2025-04-22,STR_016,Toys,23,528.45,0
2025-11-16,STR_006,Electronics,34,4816.85,0
2025-08-25,STR_008,Electronics,144,22191.42,1
2025-08-12,STR_012,Toys,45,1160.86,0
2025-12-19,STR_012,Toys,38,902.19,0
2025-04-19,STR_018,Clothing,13,608.81,0
2025-12-21,STR_001,Food,99,864.86,0
2025-10-07,STR_010,Clothing,32,1371.18,1
2025-05-20,STR_010,Food,37,342.01,0
2025-11-18,STR_006,Home,126,10413.36,1
2025-04-20,STR_010,Toys,156,3868.7,1
2025-03-11,STR_011,Clothing,74,3167.09,1
2025-09-30,STR_018,Toys,87,2378.93,0
2025-11-22,STR_017,Food,130,1056.87,1
2025-01-20,STR_002,Electronics,91,12402.1,0
2025-05-04,STR_008,Home,15,1202.63,0
2025-08-09,STR_018,Electronics,13,1915.56,0
2025-07-21,STR_011,Food,23,209.16,0
2025-02-08,STR_004,Home,86,7028.62,1
2025-10-27,STR_005,Clothing,12,559.65,0
2025-02-15,STR_017,Clothing,160,7847.09,1
2025-08-20,STR_013,Home,70,5528.03,1
2025-07-22,STR_020,Electronics,88,13662.34,0
2025-12-18,STR_014,Electronics,97,14632.65,0
2025-12-14,STR_017,Electronics,122,17216.2,1
2025-06-26,STR_010,Electronics,38,5422.13,1
2025-01-09,STR_008,Toys,122,3251.85,1
2025-07-01,STR_007,Electronics,27,3714.39,0
2025-09-15,STR_010,Electronics,31,4851.6,0
2025-03-09,STR_016,Clothing,90,3890.89,0
2025-03-19,STR_019,Toys,65,1767.79,0
2025-10-10,STR_008,Electronics,44,6131.19,1
2025-09-02,STR_009,Food,186,1662.48,1
2025-01-04,STR_007,Toys,63,1434.58,0
2025-09-29,STR_001,Toys,39,917.77,0
2025-08-06,STR_008,Clothing,81,3863.05,0
2025-01-07,STR_005,Electronics,21,2848.41,0
2025-04-10,STR_016,Food,70,536.29,0
2025-05-31,STR_009,Food,77,620.48,0
2025-10-18,STR_001,Toys,73,1654.84,0
2025-06-18,STR_016,Home,48,4065.63,0
2025-11-19,STR_005,Clothing,51,2127.22,0
2025-07-20,STR_013,Clothing,96,4505.04,0
2025-02-23,STR_004,Home,98,7082.99,0
2025-11-06,STR_017,Home,32,2608.76,0
2025-09-22,STR_007,Electronics,29,4753.3,0
2025-06-14,STR_020,Home,152,12314.22,1
2025-01-13,STR_019,Home,71,6162.63,0
2025-01-12,STR_008,Toys,58,1543.23,1
2025-06-29,STR_013,Food,84,686.2,0
2025-09-10,STR_019,Food,99,855.46,0
2025-04-21,STR_003,Toys,34,891.13,0
2025-12-31,STR_019,Home,51,3770.01,0
2025-10-09,STR_011,Clothing,63,2834.11,0
2025-03-13,STR_014,Food,52,472.36,0
2025-11-24,STR_018,Toys,118,2786.33,1
2025-01-11,STR_016,Clothing,58,2621.22,0
2025-02-12,STR_008,Toys,12,284.85,0
2025-05-29,STR_003,Electronics,46,7120.27,0
2025-02-28,STR_015,Toys,99,2435.1,0
2025-01-11,STR_006,Toys,67,1646.13,0
2025-03-18,STR_008,Toys,100,2446.4,0
2025-02-20,STR_002,Home,70,5090.34,0
2025-04-30,STR_014,Clothing,17,706.13,0
2025-05-15,STR_020,Home,58,4839.32,1
2025-06-24,STR_015,Electronics,154,24280.04,1
2025-12-16,STR_005,Toys,14,338.5,0
2025-08-12,STR_008,Electronics,106,14477.91,1
2025-06-29,STR_005,Food,97,790.06,0
2025-09-26,STR_005,Home,128,9969.29,1
2025-02-21,STR_005,Toys,70,1633.0,0
2025-12-22,STR_015,Home,23,1913.99,0
2025-09-09,STR_007,Food,39,326.96,0
2025-06-29,STR_020,Food,40,309.69,0
2025-06-01,STR_019,Home,30,2321.47,0
2025-01-11,STR_020,Clothing,17,781.7,0
2025-02-14,STR_003,Electronics,38,6049.97,0
2025-05-25,STR_018,Toys,96,2591.82,1
2025-03-19,STR_018,Food,87,695.42,0
2025-10-06,STR_007,Home,11,827.33,0
2025-12-27,STR_002,Home,51,4034.39,0
2025-10-25,STR_003,Food,79,666.67,0
2025-05-08,STR_013,Toys,18,415.31,0
2025-02-05,STR_012,Toys,43,1066.65,0
2025-08-26,STR_019,Electronics,35,4918.6,0
2025-11-11,STR_010,Electronics,21,3430.3,0
2025-03-04,STR_016,Electronics,25,3497.83,0
2025-02-28,STR_009,Food,13,105.54,0
2025-11-19,STR_009,Electronics,95,13747.56,0
2025-05-22,STR_013,Toys,75,2009.97,0
2025-11-06,STR_012,Food,11,99.2,0
2025-05-16,STR_007,Clothing,80,3289.84,0
2025-06-23,STR_003,Home,134,10283.16,1
2025-09-18,STR_011,Clothing,52,2350.23,0
2025-03-26,STR_003,Toys,74,1855.29,1
2025-10-07,STR_008,Clothing,89,4160.62,0
2025-08-26,STR_020,Clothing,95,4606.61,0
2025-07-02,STR_011,Food,104,828.53,1
2025-06-29,STR_010,Electronics,87,13866.64,0
2025-06-11,STR_012,Clothing,38,1703.29,0
2025-02-11,STR_008,Electronics,58,8490.24,0
2025-05-26,STR_012,Home,52,4219.67,1
2025-08-01,STR_012,Clothing,57,2729.35,0
2025-01-10,STR_010,Home,40,2996.52,1
2025-04-22,STR_001,Electronics,174,25876.57,1
2025-07-30,STR_003,Home,37,3183.28,0
2025-06-25,STR_015,Toys,75,1928.44,0
2025-08-14,STR_008,Toys,70,1633.83,0
2025-11-04,STR_014,Electronics,88,13453.72,0
2025-07-26,STR_020,Electronics,12,1717.89,0
2025-03-14,STR_011,Clothing,27,1133.56,0
2025-05-31,STR_008,Toys,62,1601.65,0
2025-05-11,STR_008,Food,71,653.91,0
2025-10-10,STR_001,Food,58,497.87,0
2025-04-23,STR_013,Clothing,74,3389.36,0
2025-03-24,STR_014,Food,70,627.73,0
2025-10-02,STR_017,Clothing,57,2532.44,0
2025-05-07,STR_016,Home,196,16886.16,1
2025-11-18,STR_011,Clothing,66,2852.14,0
2025-10-08,STR_016,Electronics,33,5139.4,0
2025-11-26,STR_016,Electronics,30,4724.91,0
2025-10-29,STR_018,Electronics,34,5195.12,0
2025-10-17,STR_015,Toys,12,292.18,0
2025-10-29,STR_012,Clothing,81,3352.13,0
2025-09-03,STR_015,Home,88,6915.59,0
2025-02-13,STR_019,Clothing,82,3890.45,0
2025-01-10,STR_003,Clothing,59,2654.72,0
2025-11-30,STR_005,Food,16,142.09,0
2025-08-14,STR_019,Toys,13,335.58,0
2025-11-14,STR_018,Food,62,534.69,0
2025-09-30,STR_017,Clothing,73,3198.1,0
2025-12-31,STR_005,Home,17,1386.76,0
2025-04-08,STR_004,Clothing,196,8742.05,1
2025-04-06,STR_003,Electronics,78,12075.13,0
2025-11-08,STR_003,Home,93,6984.31,0
2025-12-07,STR_017,Food,24,217.27,1
2025-04-17,STR_015,Toys,47,1173.04,0
2025-04-08,STR_003,Clothing,92,4129.03,0
2025-08-24,STR_017,Food,54,443.08,0
2025-08-09,STR_020,Clothing,85,3870.13,0
2025-03-02,STR_012,Clothing,48,2375.24,0
2025-10-18,STR_017,Food,13,118.01,0
2025-12-28,STR_005,Food,95,841.92,0
2025-12-27,STR_020,Clothing,11,538.42,0
2025-02-25,STR_018,Toys,59,1471.42,0
2025-03-08,STR_016,Toys,28,631.78,1
2025-07-28,STR_014,Food,48,433.97,0
2025-11-13,STR_004,Toys,20,457.22,0
2025-06-30,STR_013,Clothing,83,3363.4,0
2025-02-27,STR_005,Home,10,874.83,0
2025-11-11,STR_017,Toys,92,2419.95,0
2025-05-09,STR_013,Clothing,27,1264.63,0
2025-09-01,STR_003,Electronics,29,4736.27,0
2025-05-16,STR_016,Food,56,481.83,0
2025-03-10,STR_017,Toys,65,1574.16,0
2025-11-21,STR_005,Electronics,62,9779.78,0
2025-01-08,STR_014,Home,29,2330.79,0
2025-01-21,STR_002,Toys,15,408.55,0
2025-08-04,STR_002,Electronics,72,10115.42,1
2025-08-11,STR_019,Electronics,53,7761.07,0
2025-05-20,STR_019,Clothing,65,2731.47,0
2025-03-05,STR_002,Toys,54,1354.93,0
2025-09-28,STR_010,Toys,14,380.05,0
2025-06-16,STR_006,Toys,46,1215.96,1
2025-06-14,STR_007,Electronics,27,3791.73,0
2025-01-24,STR_004,Electronics,48,7832.78,0
2025-05-23,STR_014,Toys,70,1610.76,0
2025-04-12,STR_018,Toys,97,2464.93,0
2025-01-25,STR_002,Toys,12,287.29,0
2025-04-28,STR_013,Home,59,4279.99,0
2025-06-24,STR_003,Toys,114,2576.77,1
2025-01-15,STR_014,Toys,50,1321.89,0
2025-02-01,STR_017,Toys,28,649.38,0
2025-01-14,STR_011,Home,67,5601.49,0
2025-08-20,STR_003,Home,46,3779.15,0
2025-10-16,STR_019,Toys,86,2217.45,0
2025-08-04,STR_004,Electronics,10,1399.16,0
2025-09-24,STR_011,Clothing,12,563.93,0
2025-10-05,STR_001,Clothing,32,1425.18,0
2025-06-13,STR_011,Electronics,134,19148.03,1
2025-09-16,STR_010,Clothing,74,3605.44,0
2025-06-06,STR_016,Toys,124,3014.25,1
2025-10-22,STR_016,Toys,82,2224.57,1
2025-12-17,STR_008,Toys,86,1959.88,0
2025-03-11,STR_020,Clothing,194,8907.75,1
2025-03-18,STR_016,Electronics,10,1626.46,0
2025-10-21,STR_001,Food,85,724.27,0
2025-03-24,STR_010,Home,130,10481.51,1
2025-11-21,STR_011,Home,184,14133.53,1
2025-01-30,STR_004,Home,58,4800.1,0
2025-04-25,STR_005,Electronics,178,26888.84,1
2025-09-07,STR_019,Electronics,58,9559.84,0
2025-06-18,STR_007,Toys,57,1285.58,0
2025-08-17,STR_009,Home,51,4452.34,0
2025-01-31,STR_012,Home,91,6716.07,0
2025-03-01,STR_012,Toys,98,2453.36,0
2025-01-16,STR_008,Home,88,6564.3,0
2025-10-26,STR_002,Food,50,437.25,0
2025-02-22,STR_016,Home,60,5221.75,1
2025-01-25,STR_005,Food,17,131.96,0
2025-04-01,STR_016,Electronics,32,5129.51,1
2025-08-01,STR_018,Food,23,214.72,0
2025-05-18,STR_001,Clothing,29,1296.16,0
2025-12-27,STR_018,Clothing,97,3936.74,0
2025-07-06,STR_020,Clothing,38,1673.04,0
2025-08-22,STR_010,Home,90,7133.43,0
2025-04-21,STR_013,Clothing,104,4417.67,1
2025-08-07,STR_014,Toys,84,1904.09,0
2025-05-17,STR_001,Food,47,381.58,0
2025-10-18,STR_005,Home,42,3132.15,0
2025-04-04,STR_019,Clothing,73,3149.36,0
2025-12-22,STR_017,Electronics,30,4731.6,0
2025-09-25,STR_012,Home,91,7593.79,0
2025-08-27,STR_011,Food,142,1155.89,1
2025-06-11,STR_007,Electronics,154,24415.36,1
2025-08-08,STR_019,Food,82,755.14,0
2025-11-17,STR_007,Toys,108,2636.0,1
2025-08-09,STR_014,Electronics,46,6515.59,0
2025-08-28,STR_017,Toys,10,250.75,0
2025-02-22,STR_002,Home,15,1203.8,0
2025-06-23,STR_004,Home,26,2134.55,0
2025-07-14,STR_001,Home,99,8425.47,0
2025-03-01,STR_005,Home,70,5396.95,0
2025-04-21,STR_005,Toys,180,4166.29,1
2025-07-06,STR_012,Clothing,57,2376.43,0
2025-10-08,STR_017,Clothing,65,2892.99,0
2025-01-25,STR_003,Clothing,50,2044.52,1
2025-04-04,STR_007,Home,14,1205.99,0
2025-04-22,STR_016,Toys,13,332.57,0
2025-11-01,STR_012,Home,148,12741.04,1
2025-03-05,STR_009,Home,79,6810.96,0
2025-08-06,STR_008,Home,92,7347.12,0
2025-06-03,STR_011,Clothing,20,964.84,1
2025-08-04,STR_018,Home,53,4239.84,0
2025-10-11,STR_012,Food,92,773.72,0
2025-07-05,STR_019,Food,75,624.62,0
2025-02-27,STR_020,Toys,71,1690.09,0
2025-11-12,STR_005,Clothing,82,3894.04,0
2025-08-27,STR_006,Electronics,78,11230.92,0
2025-01-17,STR_008,Home,84,6671.94,0
2025-02-13,STR_001,Home,84,7169.51,0
2025-12-31,STR_003,Toys,58,1519.48,0
2025-01-13,STR_012,Food,65,503.04,0
2025-03-05,STR_005,Food,50,397.81,0
2025-08-05,STR_008,Clothing,194,8582.4,1
2025-12-02,STR_005,Clothing,60,2459.49,1
2025-12-28,STR_005,Clothing,90,4372.02,0
2025-08-18,STR_017,Home,28,2082.43,0
2025-09-16,STR_010,Toys,134,3433.68,1
2025-06-09,STR_005,Clothing,67,3217.02,0
2025-07-17,STR_002,Toys,77,1862.0,0
2025-01-17,STR_004,Clothing,65,2926.88,0
2025-01-10,STR_008,Home,31,2349.95,0
2025-09-24,STR_019,Toys,76,2014.67,0
2025-01-27,STR_011,Toys,55,1308.72,0
2025-12-13,STR_006,Home,87,7141.48,0
2025-12-19,STR_008,Food,58,448.63,0
2025-12-20,STR_002,Home,152,11404.92,1
2025-01-03,STR_011,Clothing,22,940.05,1
2025-05-19,STR_012,Home,77,6281.19,0
2025-11-07,STR_008,Clothing,52,2501.52,0
2025-01-15,STR_014,Electronics,93,15329.54,0
2025-04-09,STR_018,Food,20,181.49,0
2025-02-08,STR_007,Toys,31,839.37,0
2025-01-15,STR_005,Food,170,1577.78,1
2025-06-18,STR_009,Electronics,90,12665.54,0
2025-12-28,STR_005,Electronics,89,12083.35,0
2025-02-26,STR_014,Home,30,2329.6,0
2025-09-06,STR_015,Electronics,64,9601.13,0
2025-12-17,STR_001,Home,46,3329.73,1
2025-10-21,STR_009,Home,83,6906.86,0
2025-04-08,STR_017,Toys,17,399.05,0
2025-10-15,STR_020,Electronics,41,6157.35,0
2025-01-13,STR_007,Home,87,7011.95,0
2025-08-16,STR_006,Electronics,38,5491.56,0
2025-01-30,STR_010,Food,196,1510.54,1
2025-09-02,STR_009,Food,146,1272.81,1
2025-11-06,STR_006,Electronics,97,13825.16,0
2025-03-26,STR_001,Electronics,36,5706.45,0
2025-01-08,STR_011,Electronics,25,4006.85,0
2025-11-13,STR_011,Toys,63,1657.33,0
2025-03-01,STR_012,Electronics,11,1582.06,0
2025-04-18,STR_001,Electronics,61,9177.83,0
2025-03-18,STR_011,Home,44,3791.65,0
2025-09-08,STR_010,Clothing,26,1226.81,0
2025-01-28,STR_014,Home,53,4062.0,0
2025-02-03,STR_015,Toys,40,1057.99,0
2025-05-01,STR_001,Food,72,593.14,1
2025-11-30,STR_001,Electronics,25,3386.15,0
2025-10-09,STR_019,Food,75,684.89,0
2025-07-11,STR_019,Electronics,57,9185.01,0
2025-06-19,STR_020,Food,170,1529.03,1
2025-04-19,STR_020,Food,68,629.05,1
2025-05-01,STR_016,Home,67,5199.68,0
2025-12-15,STR_001,Toys,19,455.0,0
2025-08-05,STR_011,Food,184,1637.91,1
2025-02-10,STR_019,Electronics,89,13625.26,0
2025-09-15,STR_010,Electronics,68,10958.42,0
2025-05-14,STR_003,Home,45,3803.39,0
2025-06-05,STR_001,Home,150,11191.51,1
2025-08-07,STR_005,Electronics,31,4939.84,0
2025-04-02,STR_016,Clothing,83,3689.81,0
2025-02-16,STR_013,Food,74,591.8,0
2025-11-06,STR_006,Clothing,21,863.58,0
2025-04-27,STR_008,Toys,58,1321.87,0
2025-02-02,STR_016,Clothing,41,1712.62,0
2025-07-16,STR_017,Food,38,339.92,0
2025-10-16,STR_002,Toys,29,698.73,0
2025-06-11,STR_008,Electronics,140,19427.86,1
2025-06-28,STR_019,Home,17,1415.49,0
2025-02-22,STR_018,Toys,92,2103.25,0
2025-05-05,STR_010,Electronics,84,12702.98,0
2025-08-28,STR_007,Home,176,13116.44,1
2025-03-11,STR_011,Home,96,8403.67,1
2025-12-20,STR_019,Food,142,1216.04,1
2025-07-25,STR_019,Electronics,90,14238.89,0
2025-02-25,STR_009,Home,84,7101.14,0
2025-01-08,STR_007,Toys,57,1469.01,0
2025-01-03,STR_001,Food,32,278.07,1
2025-06-06,STR_017,Clothing,54,2271.76,0
2025-11-13,STR_012,Toys,160,4310.98,1
2025-11-09,STR_016,Toys,53,1231.26,0
2025-12-09,STR_009,Home,41,3168.37,0
2025-05-05,STR_013,Clothing,192,8162.64,1
2025-04-24,STR_005,Toys,46,1097.01,0
2025-11-10,STR_006,Electronics,50,7549.45,0
2025-02-02,STR_002,Food,53,437.58,0
2025-06-19,STR_018,Home,76,6234.32,0
2025-11-10,STR_007,Clothing,188,9245.76,1
2025-01-12,STR_018,Toys,24,634.9,0
2025-06-20,STR_015,Clothing,91,4119.71,0
2025-04-17,STR_014,Food,45,365.47,0
2025-01-04,STR_006,Food,12,97.63,0
2025-10-24,STR_014,Clothing,45,1904.63,0
2025-09-28,STR_005,Home,40,3225.39,0
2025-04-04,STR_010,Toys,90,2183.09,1
2025-05-07,STR_020,Electronics,88,14099.18,0
2025-05-12,STR_004,Clothing,63,2780.34,0
2025-01-16,STR_017,Food,17,146.74,0
2025-09-17,STR_001,Clothing,42,1867.08,0
2025-10-16,STR_005,Home,156,13161.25,1
2025-04-25,STR_017,Clothing,96,4472.48,0
2025-01-12,STR_014,Electronics,82,11503.7,1
2025-03-22,STR_007,Toys,40,937.59,0
2025-09-07,STR_015,Clothing,45,2080.25,0
2025-05-13,STR_014,Home,80,5937.45,0
2025-01-15,STR_018,Clothing,64,2741.86,0
2025-04-28,STR_012,Home,57,4944.62,0
2025-12-31,STR_014,Electronics,36,5792.58,1
2025-04-17,STR_011,Home,32,2512.49,1
2025-05-23,STR_018,Clothing,23,1062.7,0
2025-09-19,STR_003,Home,25,2029.41,0
2025-05-02,STR_004,Food,89,804.94,0
2025-03-07,STR_011,Clothing,42,2065.48,1
2025-01-24,STR_007,Clothing,45,1905.81,0
2025-01-20,STR_012,Clothing,82,4036.06,0
2025-04-01,STR_010,Home,142,12133.16,1
2025-11-05,STR_006,Toys,51,1279.89,0
2025-01-02,STR_008,Toys,78,2119.91,0
2025-10-08,STR_001,Food,96,811.6,0
2025-11-11,STR_008,Home,95,7903.02,0
2025-08-22,STR_004,Toys,56,1443.01,0
2025-01-23,STR_015,Home,80,6886.34,0
2025-05-12,STR_018,Food,174,1544.63,1
2025-08-23,STR_019,Electronics,44,6305.72,0
2025-02-16,STR_005,Clothing,13,559.4,0
2025-04-25,STR_012,Home,65,5520.44,0
2025-02-20,STR_009,Food,22,171.81,0
2025-07-29,STR_019,Home,59,4334.2,0
2025-07-30,STR_002,Food,190,1566.75,1
2025-12-12,STR_009,Food,50,393.17,1
2025-01-11,STR_019,Food,87,764.47,0
2025-04-20,STR_019,Food,31,284.32,0
2025-04-21,STR_015,Food,56,462.21,0
2025-11-20,STR_004,Toys,74,1741.72,0
2025-07-10,STR_013,Food,83,696.13,0
2025-02-04,STR_013,Home,80,6667.43,0
2025-05-03,STR_013,Home,59,4755.38,0
2025-08-10,STR_003,Clothing,11,471.02,0
2025-03-11,STR_007,Food,98,795.68,0
2025-08-05,STR_011,Food,15,134.84,0
2025-06-18,STR_004,Home,61,5109.69,0
2025-04-18,STR_019,Home,29,2474.87,0
2025-05-22,STR_002,Home,90,7457.1,1
2025-04-25,STR_010,Home,63,5109.77,0
2025-06-25,STR_002,Food,31,252.27,0
2025-01-30,STR_019,Food,39,315.17,0
2025-07-01,STR_017,Toys,31,792.67,0
2025-12-02,STR_006,Electronics,90,14002.55,0
2025-10-12,STR_003,Home,102,7879.92,1
2025-06-04,STR_002,Home,27,2327.57,0
2025-05-05,STR_001,Home,61,4482.96,0
2025-04-20,STR_020,Toys,138,3220.95,1
2025-08-29,STR_005,Clothing,99,4864.44,0
2025-07-18,STR_003,Electronics,54,8036.19,0
2025-07-17,STR_013,Electronics,36,5928.91,1
2025-07-24,STR_013,Home,14,1144.85,0
2025-08-03,STR_012,Clothing,166,7206.18,1
2025-02-11,STR_009,Toys,76,1758.89,0
2025-05-17,STR_002,Clothing,46,2158.68,0
2025-03-29,STR_002,Toys,95,2187.24,0
2025-07-10,STR_016,Toys,70,1604.31,0
2025-12-25,STR_001,Electronics,62,9387.42,0
2025-06-16,STR_006,Clothing,114,5153.65,1
2025-02-26,STR_006,Toys,17,383.15,0
2025-08-04,STR_018,Toys,61,1431.78,0
2025-01-09,STR_020,Clothing,46,1915.74,1
2025-04-04,STR_012,Toys,83,2255.21,0
2025-10-02,STR_018,Clothing,176,7586.2,1
2025-03-11,STR_019,Home,98,8580.76,1
2025-05-10,STR_012,Toys,45,1036.14,0
2025-04-30,STR_010,Home,11,967.93,0
2025-03-04,STR_015,Toys,98,2541.42,1
2025-06-18,STR_001,Home,55,4570.24,0
2025-09-08,STR_015,Food,59,459.82,0
2025-07-21,STR_015,Clothing,55,2363.8,0
2025-01-18,STR_004,Home,51,3720.3,0
2025-05-05,STR_003,Clothing,69,2908.73,0
2025-01-23,STR_004,Food,36,278.17,1
2025-12-07,STR_005,Food,68,521.54,1
2025-10-04,STR_016,Electronics,26,3914.13,0
2025-10-11,STR_019,Electronics,13,1757.19,0
2025-04-11,STR_012,Electronics,87,12164.11,0
2025-12-01,STR_014,Home,59,4527.48,0
2025-09-14,STR_008,Food,84,672.76,0
2025-12-21,STR_009,Clothing,39,1715.27,0
2025-12-13,STR_002,Food,83,742.74,0
2025-05-01,STR_018,Clothing,26,1163.31,0
2025-11-11,STR_003,Clothing,84,4048.22,0
2025-01-30,STR_003,Home,56,4252.58,0
2025-06-17,STR_009,Clothing,68,2987.28,1
2025-09-24,STR_007,Toys,75,1702.28,0
2025-07-09,STR_020,Clothing,90,4222.31,1
2025-04-11,STR_017,Electronics,42,6481.68,0
2025-05-06,STR_012,Home,54,4258.25,1
2025-10-05,STR_003,Toys,52,1281.44,0
2025-04-22,STR_006,Electronics,25,4123.04,0
2025-01-12,STR_009,Clothing,33,1357.24,0
2025-04-04,STR_009,Clothing,56,2667.87,0
2025-07-20,STR_011,Food,83,700.02,0
2025-08-05,STR_016,Home,18,1374.03,0
2025-10-31,STR_016,Clothing,63,2570.23,0
2025-08-01,STR_018,Toys,92,2264.85,0
2025-10-29,STR_017,Home,53,4086.62,0
2025-12-21,STR_011,Food,56,442.75,0
2025-03-05,STR_020,Electronics,99,14936.16,0
2025-10-18,STR_015,Home,22,1911.64,1
2025-01-15,STR_011,Clothing,74,3188.13,0
2025-09-27,STR_020,Electronics,30,4285.73,0
2025-06-16,STR_014,Clothing,40,1939.38,0
2025-10-12,STR_019,Toys,100,2411.06,0
2025-02-25,STR_012,Toys,78,2074.07,0
2025-12-11,STR_011,Home,96,7764.02,0
2025-05-24,STR_001,Home,150,11027.42,1
2025-09-22,STR_006,Toys,23,621.83,0
2025-02-22,STR_004,Electronics,126,17742.72,1
2025-07-26,STR_003,Toys,150,3381.47,1
2025-05-16,STR_009,Toys,11,270.43,0
2025-02-04,STR_005,Home,30,2595.02,0
2025-01-26,STR_004,Electronics,46,6652.67,1
2025-08-30,STR_012,Clothing,80,3825.88,1
2025-05-17,STR_011,Food,122,1125.93,1
2025-10-14,STR_014,Toys,130,3547.03,1
2025-04-05,STR_018,Toys,95,2362.41,0
2025-01-02,STR_009,Clothing,29,1340.25,0
2025-04-01,STR_017,Toys,44,1138.26,0
2025-12-29,STR_008,Toys,48,1249.06,0
2025-06-09,STR_003,Toys,77,1775.58,0
2025-05-09,STR_002,Toys,78,1921.45,0
2025-03-20,STR_011,Home,13,1094.02,0
2025-07-09,STR_015,Home,136,11166.65,1
2025-08-31,STR_007,Home,73,5783.92,0
2025-04-20,STR_015,Food,37,324.13,0
2025-11-17,STR_013,Food,69,534.75,0
2025-01-31,STR_015,Food,88,776.08,0
2025-07-23,STR_016,Food,20,180.21,0
2025-03-31,STR_018,Home,46,4004.84,0
2025-08-26,STR_008,Food,74,668.43,0
2025-06-20,STR_017,Electronics,13,1981.76,0
2025-01-05,STR_002,Food,15,118.66,0
2025-02-02,STR_007,Toys,33,807.77,0
2025-06-01,STR_004,Electronics,74,10569.82,0
2025-10-15,STR_001,Toys,59,1605.62,0
2025-08-29,STR_002,Toys,61,1585.73,0
2025-03-27,STR_007,Electronics,13,1837.77,0
2025-10-09,STR_007,Electronics,72,11666.94,0
2025-08-17,STR_015,Food,24,184.15,0
2025-10-05,STR_005,Toys,99,2684.1,0
2025-07-21,STR_003,Electronics,25,3913.49,0
2025-12-15,STR_002,Toys,58,1357.17,0
2025-11-16,STR_016,Electronics,19,3042.74,0
2025-04-03,STR_013,Clothing,63,2592.09,0
2025-01-14,STR_009,Home,35,2822.4,0
2025-06-09,STR_004,Clothing,56,2394.82,0
2025-01-18,STR_016,Home,44,3442.63,0
2025-06-11,STR_011,Food,23,184.83,0
2025-02-02,STR_008,Electronics,10,1425.13,0
2025-03-16,STR_011,Home,78,6742.33,0
2025-10-26,STR_010,Clothing,50,2321.75,1
2025-08-19,STR_010,Home,70,5762.53,0
2025-02-19,STR_018,Home,76,5581.02,1
2025-09-13,STR_003,Home,65,5204.72,0
2025-05-25,STR_003,Clothing,81,3763.67,0
2025-04-10,STR_003,Home,112,8647.84,1
2025-03-26,STR_005,Toys,67,1824.37,0
2025-03-12,STR_002,Food,46,364.56,0
2025-08-24,STR_010,Toys,43,1168.89,0
2025-12-24,STR_013,Electronics,28,4398.39,1
2025-03-26,STR_014,Electronics,66,9116.26,0
2025-07-26,STR_010,Home,52,4034.68,0
2025-09-09,STR_005,Clothing,87,4158.49,0
2025-05-10,STR_013,Food,93,846.75,0
2025-06-02,STR_005,Electronics,67,10658.63,0
2025-02-11,STR_005,Food,52,434.44,1
2025-09-27,STR_020,Toys,45,1137.62,0
2025-06-12,STR_015,Toys,77,1970.75,0
2025-06-21,STR_009,Food,58,498.14,0
2025-10-21,STR_010,Electronics,62,9681.3,0
2025-05-30,STR_008,Food,94,804.77,1
2025-06-23,STR_017,Food,35,326.91,0
2025-07-14,STR_004,Toys,85,2187.71,0
2025-04-18,STR_002,Electronics,30,4910.99,0
2025-07-22,STR_012,Toys,69,1646.65,0
2025-09-12,STR_002,Electronics,76,12440.47,0
2025-06-04,STR_005,Clothing,13,599.07,0
2025-05-01,STR_010,Toys,42,1116.14,0
2025-06-05,STR_014,Home,192,16103.62,1
2025-02-14,STR_005,Electronics,11,1613.92,0
2025-02-06,STR_002,Toys,50,1297.27,0
2025-04-29,STR_010,Toys,41,938.55,0
2025-10-11,STR_020,Clothing,49,2083.17,0
2025-01-29,STR_003,Electronics,49,6702.64,0
2025-06-26,STR_009,Electronics,68,10466.87,0
2025-12-26,STR_015,Home,97,7670.78,0
2025-01-17,STR_016,Food,13,111.61,0
2025-06-25,STR_008,Toys,188,4471.38,1
2025-04-27,STR_010,Home,77,6566.01,0
2025-03-04,STR_020,Clothing,80,3661.2,0
2025-12-07,STR_016,Toys,36,814.65,0
2025-06-10,STR_001,Toys,85,2026.64,0
2025-01-07,STR_008,Home,71,5741.81,0
2025-09-09,STR_007,Toys,22,581.44,0
2025-03-20,STR_015,Food,48,393.01,0
2025-11-10,STR_010,Toys,86,2364.1,0
2025-03-05,STR_013,Home,148,11021.36,1
2025-04-15,STR_015,Toys,37,856.24,0
2025-05-07,STR_011,Home,31,2618.11,0
2025-08-07,STR_018,Toys,39,940.37,0
2025-06-03,STR_020,Electronics,40,5926.66,0
2025-04-04,STR_011,Food,30,253.1,0
2025-11-21,STR_012,Clothing,40,1858.62,0
2025-08-26,STR_005,Toys,100,2723.85,1
2025-09-20,STR_001,Electronics,14,1982.96,0
2025-07-19,STR_006,Food,21,189.57,0
2025-05-06,STR_015,Food,47,419.72,0
2025-11-22,STR_013,Home,20,1728.05,0
2025-03-14,STR_004,Clothing,146,6521.59,1
2025-10-07,STR_015,Clothing,81,3591.07,0
2025-12-11,STR_018,Home,188,15300.55,1
2025-02-07,STR_006,Food,90,813.87,0
2025-09-04,STR_017,Home,70,6040.12,0
2025-07-28,STR_003,Clothing,162,7201.4,1
2025-05-21,STR_010,Toys,97,2486.82,0
2025-01-25,STR_012,Electronics,33,4718.04,0
2025-02-23,STR_011,Toys,152,3985.04,1
2025-08-30,STR_009,Toys,89,2337.0,0
2025-12-28,STR_008,Food,44,354.36,0
2025-03-22,STR_020,Electronics,184,25722.84,1
2025-06-03,STR_013,Home,27,2005.07,0
2025-04-09,STR_003,Toys,88,2286.83,0
2025-12-24,STR_001,Electronics,34,4636.21,0
2025-10-03,STR_010,Home,112,9315.57,1
2025-10-26,STR_017,Clothing,182,8749.28,1
2025-08-06,STR_005,Home,36,2709.5,1
2025-11-19,STR_008,Food,30,248.99,1
2025-09-02,STR_016,Electronics,50,7192.45,0
2025-01-20,STR_019,Electronics,96,13276.79,0
2025-07-08,STR_014,Toys,91,2416.67,0
2025-08-22,STR_009,Electronics,65,9901.9,0
2025-04-28,STR_016,Food,82,743.76,0
2025-03-18,STR_002,Electronics,57,8261.46,0
2025-06-05,STR_002,Toys,22,533.55,0
2025-06-04,STR_014,Food,166,1489.21,1
2025-05-17,STR_004,Home,29,2129.54,0
2025-02-16,STR_014,Toys,85,2178.24,0
2025-11-27,STR_008,Food,58,486.19,1
2025-03-21,STR_016,Home,23,1939.26,0
2025-08-03,STR_016,Food,78,717.57,1
2025-04-16,STR_011,Clothing,69,3016.1,0
2025-11-30,STR_012,Home,34,2552.35,0
2025-05-15,STR_020,Electronics,73,10354.15,0
2025-01-10,STR_013,Home,73,5620.02,0
2025-10-14,STR_009,Electronics,148,21777.93,1
2025-04-03,STR_014,Food,59,484.9,0
2025-03-31,STR_002,Toys,79,2136.7,0
2025-11-24,STR_007,Electronics,57,8884.08,0
2025-07-21,STR_020,Home,102,7887.68,1
2025-03-18,STR_015,Toys,186,4673.92,1
2025-06-08,STR_012,Clothing,78,3397.3,0
2025-12-01,STR_019,Electronics,89,13668.34,0
2025-01-13,STR_012,Home,86,6232.03,0
2025-01-23,STR_013,Toys,76,2011.67,0
2025-12-27,STR_013,Clothing,42,1880.95,0
2025-11-24,STR_017,Food,18,148.49,0
2025-05-27,STR_016,Food,50,457.75,0
2025-05-03,STR_001,Clothing,50,2080.76,0
2025-08-18,STR_004,Food,148,1216.78,1
2025-09-24,STR_007,Food,59,542.47,0
2025-11-21,STR_006,Clothing,150,6330.46,1
2025-04-17,STR_012,Clothing,36,1571.28,1
2025-10-26,STR_010,Clothing,49,2385.94,0
2025-10-02,STR_018,Electronics,86,11999.4,1
2025-11-22,STR_017,Electronics,44,7181.86,0
2025-10-09,STR_002,Toys,80,1993.88,0
2025-05-22,STR_016,Clothing,70,2941.47,0
2025-03-19,STR_018,Home,65,5005.63,0
2025-03-01,STR_001,Food,51,461.49,0
2025-04-01,STR_006,Electronics,88,13833.44,1
2025-08-02,STR_007,Food,48,445.37,0
2025-08-23,STR_019,Food,56,438.65,0
2025-04-22,STR_003,Toys,94,2279.98,1
2025-09-19,STR_019,Clothing,42,1751.92,0
2025-05-09,STR_008,Electronics,73,10309.79,0
2025-02-14,STR_004,Food,65,568.73,0
2025-07-05,STR_013,Toys,28,688.63,1
2025-08-04,STR_012,Electronics,70,10455.94,0
2025-10-21,STR_001,Toys,10,250.61,0
2025-04-10,STR_008,Toys,44,1161.87,0
2025-04-21,STR_012,Toys,176,4665.36,1
2025-01-17,STR_009,Electronics,86,13011.56,0
2025-04-08,STR_010,Toys,116,2618.56,1
2025-09-15,STR_013,Food,52,408.76,0
2025-02-15,STR_017,Toys,97,2366.95,0
2025-10-13,STR_015,Toys,32,830.69,0
2025-01-17,STR_011,Clothing,75,3681.82,0
2025-05-26,STR_007,Food,70,561.91,0
2025-06-18,STR_002,Toys,67,1683.83,0
2025-09-16,STR_004,Clothing,55,2352.73,0
2025-06-21,STR_016,Home,45,3865.61,0
2025-03-17,STR_020,Food,64,532.79,0
2025-05-10,STR_008,Toys,71,1603.17,0
2025-07-13,STR_019,Food,48,409.69,1
2025-10-28,STR_008,Electronics,52,7180.51,0
2025-02-23,STR_001,Toys,96,2538.09,0
2025-05-18,STR_018,Electronics,89,13459.06,0
2025-09-16,STR_007,Toys,36,919.98,1
2025-03-03,STR_007,Toys,88,2118.27,0
2025-01-25,STR_010,Clothing,42,1879.03,0
2025-05-08,STR_015,Electronics,72,11390.19,0
2025-04-20,STR_003,Home,69,5879.54,0
2025-11-22,STR_008,Food,98,915.2,0
2025-05-09,STR_005,Electronics,126,17285.06,1
2025-12-07,STR_014,Electronics,90,14123.25,0
2025-05-05,STR_011,Electronics,37,5590.36,0
2025-01-05,STR_010,Clothing,64,3090.33,0
2025-09-27,STR_016,Clothing,78,3577.72,1
2025-10-19,STR_009,Toys,24,655.99,1
2025-09-11,STR_019,Toys,94,2146.87,0
2025-06-01,STR_013,Clothing,34,1379.24,0
2025-09-10,STR_005,Food,48,427.73,0
2025-03-12,STR_014,Home,55,4271.06,0
2025-05-15,STR_016,Electronics,23,3567.29,0
2025-08-13,STR_008,Food,87,784.81,0
2025-10-29,STR_004,Home,52,4380.67,0
2025-07-13,STR_011,Home,102,7558.57,1
2025-03-06,STR_018,Electronics,95,13563.55,0
2025-06-17,STR_009,Toys,15,388.79,0
2025-09-05,STR_013,Clothing,25,1133.77,0
2025-01-27,STR_012,Clothing,99,4449.68,0
2025-03-03,STR_019,Electronics,68,9386.74,0
2025-04-14,STR_007,Clothing,84,3814.64,0
2025-01-23,STR_006,Electronics,99,14291.47,0
2025-08-13,STR_012,Electronics,72,11026.38,0
2025-04-04,STR_002,Toys,166,3836.71,1
2025-10-15,STR_007,Food,54,444.49,0
2025-07-26,STR_013,Home,94,7115.66,0
2025-03-31,STR_005,Clothing,130,5461.69,1
2025-12-09,STR_016,Home,43,3469.0,0
2025-02-06,STR_011,Toys,74,1669.26,0
2025-02-09,STR_011,Food,41,366.08,0
2025-11-25,STR_015,Toys,32,819.16,0
2025-01-31,STR_002,Food,70,543.68,1
2025-05-16,STR_019,Home,28,2441.56,0
2025-06-25,STR_010,Electronics,124,20003.29,1
2025-07-30,STR_020,Clothing,43,1847.36,0
2025-01-01,STR_017,Electronics,45,6766.97,0
2025-02-20,STR_007,Home,34,2594.59,0
2025-08-14,STR_014,Electronics,76,11899.23,0
2025-06-23,STR_011,Clothing,94,4075.19,0
2025-10-12,STR_011,Food,65,551.4,0
2025-10-25,STR_005,Food,59,455.26,0
2025-02-24,STR_010,Clothing,86,3570.17,0
2025-05-04,STR_016,Toys,42,1088.55,0
2025-11-23,STR_001,Clothing,23,1009.43,0
2025-01-10,STR_013,Electronics,24,3683.1,0
2025-05-17,STR_002,Home,24,1984.82,0
2025-09-30,STR_018,Clothing,38,1752.87,0
2025-03-16,STR_006,Clothing,21,953.6,0
2025-06-03,STR_005,Food,41,362.57,0
2025-10-30,STR_014,Clothing,49,2395.79,0
2025-07-16,STR_014,Home,66,5329.71,0
2025-12-11,STR_017,Home,57,4862.19,0
2025-02-28,STR_019,Toys,73,1933.36,0
2025-10-30,STR_013,Food,88,702.5,0
2025-08-19,STR_001,Toys,50,1230.68,0
2025-07-28,STR_007,Home,69,5320.39,0
2025-10-10,STR_011,Food,47,429.69,0
2025-07-05,STR_004,Toys,62,1438.98,1
2025-12-21,STR_012,Clothing,88,3959.28,1
2025-05-15,STR_018,Food,100,843.64,0
2025-03-25,STR_010,Food,184,1520.88,1
2025-05-25,STR_015,Toys,81,2159.1,0
2025-12-27,STR_018,Toys,51,1392.71,0
2025-02-21,STR_008,Clothing,164,7007.06,1
2025-10-30,STR_014,Electronics,69,10670.51,0
2025-05-16,STR_006,Home,88,6369.67,1
2025-09-05,STR_003,Toys,30,735.86,0
2025-08-14,STR_016,Home,66,5416.84,0
2025-03-03,STR_015,Food,63,545.28,0
2025-08-04,STR_002,Food,51,465.65,0
2025-09-07,STR_006,Food,78,721.94,0
2025-09-02,STR_015,Food,15,135.26,0
2025-03-07,STR_016,Clothing,17,827.01,0
2025-09-06,STR_007,Food,36,320.98,0
2025-12-28,STR_004,Toys,97,2644.62,0
2025-04-12,STR_019,Food,184,1431.07,1
2025-09-09,STR_007,Home,27,2035.7,0
2025-09-21,STR_020,Toys,58,1421.33,0
2025-05-24,STR_007,Toys,188,4355.48,1
2025-03-24,STR_001,Electronics,99,13500.84,0
2025-01-08,STR_005,Toys,84,2279.41,0
2025-07-07,STR_010,Food,54,502.69,1
2025-12-10,STR_020,Home,40,2967.95,1
2025-05-08,STR_001,Toys,95,2334.06,0
2025-10-17,STR_015,Electronics,72,9941.12,0
2025-05-02,STR_012,Clothing,30,1383.9,1
2025-07-22,STR_018,Toys,56,1534.99,0
2025-06-27,STR_007,Electronics,87,13619.27,0
2025-04-18,STR_014,Food,14,128.1,0
2025-07-20,STR_009,Electronics,99,13697.46,0
2025-05-04,STR_008,Home,94,7166.6,0
2025-02-13,STR_018,Toys,81,2001.88,0
2025-06-02,STR_010,Home,57,4209.06,0
2025-08-06,STR_018,Food,96,786.03,1
2025-01-21,STR_001,Home,46,3867.4,0
2025-06-21,STR_018,Clothing,42,1704.65,0
2025-08-21,STR_014,Electronics,25,3721.14,0
2025-06-23,STR_012,Clothing,21,976.52,0
2025-02-07,STR_002,Toys,68,1530.8,0
2025-06-20,STR_018,Toys,166,3740.93,1
2025-04-13,STR_020,Food,64,529.93,0
2025-09-04,STR_014,Food,51,406.33,0
2025-10-17,STR_013,Toys,18,468.33,0
2025-07-31,STR_003,Clothing,55,2507.86,0
2025-11-30,STR_013,Electronics,134,18491.47,1
2025-12-16,STR_004,Food,15,124.3,0
2025-09-17,STR_019,Electronics,73,11128.72,0
2025-03-01,STR_011,Food,66,569.71,0
2025-02-23,STR_017,Toys,19,502.47,0
2025-12-25,STR_020,Food,68,592.18,0
2025-03-03,STR_001,Food,166,1421.85,1
2025-09-08,STR_001,Food,78,617.96,0
2025-07-06,STR_017,Food,83,750.8,0
2025-01-16,STR_014,Electronics,71,10037.45,0
2025-04-05,STR_018,Home,63,4981.4,0
2025-07-12,STR_003,Home,61,5163.75,0
2025-01-09,STR_001,Home,200,15450.19,1
2025-04-29,STR_005,Electronics,68,9403.45,0
2025-07-17,STR_019,Home,40,3222.52,0
2025-10-24,STR_009,Toys,90,2194.93,0
2025-05-25,STR_001,Toys,34,809.49,1
2025-05-26,STR_004,Electronics,100,16209.52,1
2025-07-17,STR_002,Food,41,323.4,0
2025-11-18,STR_008,Electronics,89,13787.95,0
2025-09-05,STR_015,Electronics,54,7669.75,1
2025-05-29,STR_006,Home,31,2325.53,0
2025-10-29,STR_018,Toys,168,4574.43,1
2025-04-05,STR_014,Electronics,59,8977.21,0
2025-07-17,STR_005,Toys,64,1503.75,0
2025-07-17,STR_004,Home,55,4136.36,0
2025-03-04,STR_015,Electronics,48,6713.15,1
2025-12-11,STR_005,Home,18,1373.3,0
2025-11-07,STR_015,Home,184,14105.96,1
2025-11-26,STR_009,Home,47,4005.54,0
2025-08-20,STR_017,Food,33,299.61,0
2025-06-10,STR_014,Clothing,97,4694.29,0
2025-08-01,STR_020,Clothing,39,1639.36,0
2025-08-07,STR_017,Home,92,7075.22,0
2025-07-27,STR_018,Clothing,42,1952.51,0
2025-04-02,STR_015,Home,34,2991.66,0
2025-10-11,STR_019,Toys,99,2615.11,0
2025-02-03,STR_016,Electronics,56,7645.94,0
2025-03-11,STR_005,Toys,14,348.44,0
2025-05-28,STR_006,Electronics,30,4087.75,0
2025-02-22,STR_015,Electronics,49,7236.19,0
2025-10-12,STR_012,Toys,95,2252.53,0
2025-06-16,STR_011,Electronics,77,12114.3,0
2025-08-09,STR_004,Clothing,78,3355.88,0
2025-06-15,STR_008,Toys,81,2106.61,0
2025-07-12,STR_016,Clothing,90,3713.96,0
2025-02-07,STR_015,Electronics,61,8403.4,0
2025-12-28,STR_019,Home,64,5597.86,0
2025-05-11,STR_017,Home,96,7122.65,0
2025-09-22,STR_013,Home,86,6219.65,0
2025-09-24,STR_012,Clothing,40,1748.81,0
2025-04-26,STR_010,Toys,33,811.44,0
2025-12-27,STR_014,Food,47,421.57,0
2025-06-24,STR_009,Toys,20,541.18,1
2025-09-14,STR_008,Food,49,442.02,0
2025-02-06,STR_011,Toys,85,2037.48,0
2025-05-01,STR_007,Clothing,11,525.3,0
2025-10-27,STR_020,Home,97,7178.85,0
2025-01-01,STR_015,Electronics,86,13904.9,1
2025-10-09,STR_001,Food,134,1224.95,1
2025-07-12,STR_010,Food,182,1532.88,1
2025-09-04,STR_018,Home,36,3100.09,0
2025-09-09,STR_018,Home,88,6402.66,1
2025-11-19,STR_019,Toys,35,811.28,0
2025-06-06,STR_007,Electronics,160,23848.59,1
2025-09-30,STR_011,Home,83,6459.1,0
2025-04-22,STR_013,Toys,95,2535.84,0
2025-10-03,STR_019,Food,61,489.82,0
2025-08-10,STR_013,Toys,154,3897.5,1
2025-11-15,STR_002,Food,40,353.18,0
2025-06-10,STR_008,Toys,88,2200.2,0
2025-11-22,STR_020,Food,66,518.63,0
2025-08-12,STR_001,Home,74,5529.23,0
2025-04-25,STR_007,Toys,12,276.13,0
2025-03-20,STR_010,Home,54,3959.27,0
2025-01-05,STR_008,Toys,25,686.39,0
2025-02-08,STR_005,Food,35,284.59,0
2025-01-30,STR_006,Electronics,99,15513.75,0
2025-06-29,STR_020,Food,63,512.76,0
2025-03-06,STR_015,Food,19,171.5,0
2025-08-30,STR_019,Food,66,506.1,0
2025-03-23,STR_007,Food,92,809.8,0
2025-08-19,STR_015,Food,15,134.52,0
2025-05-11,STR_002,Food,162,1383.12,1
2025-08-06,STR_018,Toys,47,1064.32,0
2025-08-14,STR_006,Food,75,587.25,0
2025-02-23,STR_007,Toys,91,2373.84,0
2025-06-06,STR_014,Electronics,33,4499.35,0
2025-01-11,STR_010,Toys,136,3684.44,1
2025-05-11,STR_018,Clothing,55,2426.97,0
2025-03-13,STR_002,Toys,142,3695.56,1
2025-10-23,STR_012,Food,192,1518.95,1
2025-03-05,STR_018,Home,30,2530.55,0
2025-02-16,STR_007,Toys,52,1262.27,1
2025-12-06,STR_020,Clothing,93,4471.57,0
2025-10-03,STR_007,Home,38,2980.85,0
2025-03-10,STR_019,Home,89,7790.83,0
2025-12-19,STR_015,Food,29,268.75,0
2025-04-26,STR_005,Toys,61,1561.96,0
2025-02-19,STR_016,Food,39,343.8,0
2025-09-28,STR_003,Home,65,4983.87,0
2025-01-19,STR_018,Home,21,1839.82,0
2025-11-17,STR_002,Clothing,45,2041.63,0
2025-11-30,STR_015,Toys,73,1730.22,0
2025-03-16,STR_002,Electronics,68,9241.45,0
2025-07-05,STR_007,Toys,30,813.39,0
2025-09-16,STR_005,Toys,90,2277.74,0
2026-01-01,STR_016,Food,198,1762.86,1
2025-01-26,STR_004,Food,47,424.35,0
2025-10-28,STR_014,Toys,64,1540.08,1
2025-01-28,STR_003,Clothing,134,6304.59,1
2025-06-27,STR_012,Home,93,7385.63,0
2025-09-16,STR_009,Home,89,7577.46,0
2025-02-08,STR_013,Food,84,783.05,1
2025-01-02,STR_013,Electronics,32,5034.67,0
2025-03-09,STR_013,Food,16,129.22,0
2025-02-26,STR_009,Toys,91,2489.85,0
2025-07-28,STR_007,Food,71,616.17,0
2025-08-27,STR_005,Home,77,6001.87,0
2025-05-18,STR_010,Food,66,608.37,0
2025-02-19,STR_020,Toys,160,3801.78,1
2025-08-15,STR_005,Home,50,4257.42,0
2025-09-22,STR_013,Food,87,676.0,0
2025-06-21,STR_010,Food,17,156.35,0
2025-05-23,STR_017,Food,87,690.01,0
2025-10-15,STR_010,Electronics,26,3669.6,0
2025-07-04,STR_018,Home,20,1729.99,1
2025-10-01,STR_017,Electronics,12,1923.91,0
2025-09-25,STR_001,Clothing,58,2659.43,1
2025-05-07,STR_002,Toys,20,497.33,1
2025-07-08,STR_013,Clothing,33,1517.67,0
2025-08-10,STR_010,Clothing,85,3651.95,0
2025-09-24,STR_016,Toys,57,1531.75,0
2025-07-14,STR_009,Food,61,540.36,0
2025-10-11,STR_007,Home,97,8042.83,0
2025-02-21,STR_017,Toys,78,1854.78,0
2025-10-27,STR_007,Electronics,46,7242.09,0
2025-09-15,STR_019,Home,41,3463.71,0
2025-03-05,STR_009,Home,72,6233.06,0
2025-12-13,STR_010,Home,178,13948.44,1
2025-10-16,STR_019,Clothing,91,4056.66,0
2025-07-17,STR_020,Food,11,88.87,0
2025-11-29,STR_017,Clothing,19,856.82,0
2025-09-21,STR_007,Food,59,520.85,0
2025-03-25,STR_015,Electronics,89,14030.66,0
2025-09-25,STR_018,Food,74,627.93,0
2025-03-02,STR_018,Food,19,174.7,0
2025-12-23,STR_005,Clothing,138,6665.61,1
2026-01-01,STR_020,Food,30,241.69,0
2025-02-08,STR_008,Electronics,166,26373.48,1
2025-12-01,STR_002,Food,19,173.58,0
2025-11-25,STR_004,Home,25,2007.12,0
2025-12-08,STR_019,Electronics,52,8004.48,0
2025-04-26,STR_017,Food,89,827.96,0
2025-02-09,STR_020,Electronics,25,3530.07,0
2025-11-02,STR_018,Electronics,94,13822.4,1
2025-07-01,STR_012,Home,44,3419.93,1
2025-09-27,STR_018,Food,71,574.07,0
2025-08-11,STR_018,Electronics,73,10272.76,0
2025-12-18,STR_013,Clothing,138,6340.92,1
2025-05-15,STR_019,Electronics,36,5720.03,0
2025-01-05,STR_019,Toys,33,790.85,0
2025-05-03,STR_004,Clothing,32,1339.89,0
2025-11-23,STR_016,Electronics,32,4752.32,0
2025-05-06,STR_016,Toys,47,1104.0,0
2025-04-27,STR_014,Electronics,64,8870.3,0
2025-12-05,STR_018,Toys,55,1296.23,0
2025-02-23,STR_020,Toys,28,713.18,0
2025-07-09,STR_006,Toys,91,2091.61,0
2025-09-19,STR_002,Clothing,98,4191.72,0
2025-06-16,STR_008,Toys,35,867.46,0
2025-06-03,STR_017,Toys,96,2633.25,1
2025-12-11,STR_003,Home,122,9174.02,1
2025-02-18,STR_010,Home,67,5361.06,0
2025-08-15,STR_001,Clothing,100,4160.55,0
2025-11-02,STR_005,Food,158,1404.3,1
2025-10-06,STR_001,Clothing,53,2459.31,0
2025-09-11,STR_003,Toys,108,2868.29,1
2025-04-11,STR_011,Clothing,72,3360.54,1
2025-03-26,STR_007,Toys,80,2124.45,0
2025-08-30,STR_018,Home,194,14499.83,1
2025-03-06,STR_010,Home,50,3727.73,0
2025-04-03,STR_018,Electronics,41,6027.22,0
2025-11-18,STR_002,Clothing,77,3284.56,0
2025-08-17,STR_012,Electronics,88,12025.01,0
2025-08-20,STR_016,Food,67,559.73,0
2025-02-22,STR_004,Toys,156,4174.05,1
2025-05-03,STR_001,Electronics,25,3659.2,0
2025-03-09,STR_016,Electronics,41,6113.58,0
2025-03-23,STR_019,Electronics,84,12778.12,0
2025-02-27,STR_001,Electronics,12,1771.58,0
2025-08-15,STR_004,Food,84,658.6,0
2025-04-23,STR_011,Electronics,58,9236.41,0
2025-08-07,STR_012,Toys,31,755.58,0
2025-07-28,STR_014,Food,88,695.45,0
2025-01-03,STR_008,Food,37,343.65,0
2025-11-05,STR_011,Electronics,82,11136.11,0
2025-09-11,STR_009,Food,14,111.69,0
2025-05-09,STR_009,Food,92,774.45,0
2025-01-02,STR_011,Food,76,649.0,0
2025-09-24,STR_020,Clothing,91,4008.2,0
2025-05-07,STR_001,Food,72,587.63,1
2025-06-03,STR_004,Food,25,222.92,0
2025-05-30,STR_008,Home,79,6474.62,0
2025-03-15,STR_006,Food,30,235.14,1
2025-07-27,STR_012,Home,19,1599.42,0
2025-02-15,STR_003,Toys,86,2211.85,0
2025-11-20,STR_010,Electronics,50,8095.59,0
2025-01-10,STR_008,Home,16,1252.67,0
2025-11-08,STR_006,Home,142,11810.39,1
2025-12-18,STR_003,Electronics,12,1768.82,0
2025-03-09,STR_010,Electronics,84,13172.62,0
2025-08-30,STR_017,Food,52,484.41,1
2025-08-05,STR_001,Home,19,1610.84,0
2025-06-07,STR_010,Electronics,120,18937.09,1
2025-09-13,STR_006,Electronics,130,20107.7,1
2025-01-21,STR_020,Clothing,88,4234.23,1
2025-07-31,STR_004,Clothing,25,1039.17,0
2025-03-02,STR_017,Home,38,3327.63,1
2025-10-10,STR_016,Toys,36,931.54,0
2025-01-05,STR_012,Home,95,8300.31,0
2025-02-17,STR_006,Clothing,132,5420.18,1
2025-08-14,STR_014,Home,66,5647.76,0
2025-07-21,STR_017,Toys,46,1115.49,0
2025-08-04,STR_018,Home,100,8287.74,0
2025-10-16,STR_011,Food,40,369.56,0
2025-05-26,STR_007,Food,28,217.29,0
2025-07-12,STR_007,Clothing,23,1082.41,0
2025-06-13,STR_014,Toys,42,1062.44,0
2025-04-02,STR_005,Electronics,22,3401.96,1
2025-12-25,STR_006,Clothing,70,3452.64,0
2025-02-18,STR_016,Electronics,52,8064.24,0
2025-11-08,STR_017,Toys,92,2115.3,0
2025-10-13,STR_014,Electronics,29,3990.8,0
2025-08-23,STR_016,Clothing,10,456.93,0
2025-12-08,STR_010,Clothing,70,2998.42,0
2025-07-06,STR_013,Electronics,46,7546.5,1
2025-07-11,STR_013,Clothing,47,2148.64,0
2025-01-28,STR_017,Home,80,6492.28,0
2025-07-05,STR_019,Home,17,1485.28,0
2025-12-13,STR_008,Electronics,43,6585.64,0
2025-10-12,STR_018,Electronics,32,4375.21,0
2025-02-10,STR_014,Electronics,20,3250.24,0
2025-07-28,STR_018,Clothing,89,4397.04,0
2025-03-10,STR_012,Electronics,59,8309.7,0
2025-09-22,STR_001,Clothing,180,7835.27,1
2025-02-24,STR_020,Electronics,168,23915.69,1
2025-11-05,STR_003,Toys,166,4338.14,1
2025-10-08,STR_012,Food,85,730.12,0
2025-07-21,STR_016,Electronics,49,7815.89,0
2025-09-17,STR_012,Toys,88,2382.09,0
2025-03-13,STR_011,Clothing,27,1112.24,0
2025-06-07,STR_006,Clothing,59,2918.81,0
2025-06-28,STR_020,Home,182,15651.36,1
2025-07-18,STR_015,Toys,35,819.78,0
2025-05-14,STR_001,Toys,14,342.18,0
2025-10-11,STR_008,Home,32,2513.91,0
2025-11-06,STR_019,Clothing,83,3944.52,0
2025-06-14,STR_012,Home,108,7802.66,1
2025-10-29,STR_015,Food,31,242.71,0
2025-02-19,STR_019,Home,30,2329.3,0
2025-01-31,STR_007,Food,96,772.03,0
2025-03-17,STR_003,Food,34,265.12,0
2025-07-27,STR_013,Food,52,443.82,1
2025-04-22,STR_020,Clothing,29,1294.36,0
2025-07-25,STR_012,Electronics,93,13666.18,0
2025-01-13,STR_012,Food,42,329.0,1
2025-03-21,STR_019,Clothing,97,4644.86,0
2025-07-20,STR_008,Electronics,33,4806.92,0
2025-01-22,STR_008,Electronics,56,8824.38,1
2025-10-01,STR_011,Toys,162,4081.89,1
2025-09-17,STR_020,Clothing,19,783.11,0
2025-09-25,STR_019,Clothing,55,2613.59,0
2025-03-11,STR_010,Toys,30,738.68,0
2025-11-30,STR_005,Toys,65,1477.3,0
2025-12-16,STR_001,Clothing,186,8771.74,1
2025-06-09,STR_020,Clothing,176,7278.79,1
2025-03-30,STR_015,Clothing,14,622.26,0
2025-04-11,STR_007,Clothing,17,829.46,0
2025-02-07,STR_010,Toys,91,2358.65,0
2025-07-17,STR_017,Toys,66,1501.38,0
2025-04-22,STR_010,Home,146,10549.72,1
2025-05-02,STR_011,Home,99,8543.81,0
2025-09-30,STR_012,Clothing,26,1081.33,1
2025-07-19,STR_019,Electronics,21,3391.29,0
2025-07-09,STR_019,Electronics,41,6071.49,0
2025-12-27,STR_005,Clothing,16,650.0,0
2025-03-20,STR_019,Home,63,5302.27,0
2025-07-03,STR_001,Home,61,4867.77,0
2025-11-21,STR_001,Electronics,47,7326.29,0
2025-12-23,STR_006,Electronics,178,25285.47,1
2025-07-27,STR_004,Clothing,16,710.58,0
2025-08-08,STR_005,Home,51,4153.54,0
2025-04-12,STR_014,Clothing,39,1762.66,0
2025-11-25,STR_016,Food,96,837.91,0
2025-11-11,STR_004,Clothing,74,3208.22,0
2025-10-16,STR_011,Clothing,16,772.69,0
2025-09-28,STR_010,Food,184,1446.74,1
2025-07-01,STR_020,Electronics,14,1975.01,0
2025-05-25,STR_018,Clothing,53,2267.41,0
2025-02-13,STR_013,Toys,22,566.32,0
2025-11-16,STR_006,Home,80,6154.85,0
2025-03-10,STR_006,Food,23,177.74,0
2025-08-23,STR_013,Toys,32,759.93,0
2025-12-13,STR_014,Food,69,597.57,0
2025-02-01,STR_002,Toys,54,1324.45,0
2025-11-28,STR_008,Food,94,840.77,1
2025-09-12,STR_014,Toys,100,2748.14,0
2025-12-10,STR_012,Food,27,212.16,0
2025-11-04,STR_011,Clothing,64,2616.64,1
2025-02-20,STR_014,Clothing,138,6579.12,1
2025-02-03,STR_005,Home,38,3115.3,0
2025-05-04,STR_007,Electronics,89,13385.34,0
2025-08-19,STR_020,Food,12,100.81,0
2025-07-12,STR_019,Home,17,1485.45,0
2025-11-18,STR_005,Toys,21,566.06,0
2025-04-21,STR_018,Clothing,96,4177.03,0
2025-04-21,STR_014,Clothing,128,6029.58,1
2025-07-04,STR_013,Electronics,44,6621.08,1
2025-05-26,STR_019,Home,39,3036.41,0
2025-01-26,STR_007,Home,95,7888.72,0
2025-06-26,STR_013,Toys,54,1373.43,0
2025-07-24,STR_019,Toys,29,761.33,0
2025-10-25,STR_005,Food,99,896.6,0
2025-10-18,STR_017,Clothing,14,631.5,0
2025-03-05,STR_009,Toys,29,660.71,0
2025-04-07,STR_009,Food,182,1403.99,1
2025-04-24,STR_011,Food,25,204.84,0
2025-04-12,STR_017,Toys,50,1260.25,0
2025-08-07,STR_015,Toys,51,1286.11,0
2025-11-05,STR_010,Electronics,92,13469.67,0
2025-08-08,STR_010,Electronics,92,14291.57,0
2025-02-14,STR_013,Home,79,6553.2,0
2025-06-14,STR_007,Clothing,80,3267.64,0
2025-01-11,STR_009,Home,12,921.32,0
2025-08-26,STR_012,Toys,128,3006.61,1
2025-12-24,STR_017,Toys,26,648.19,0
2025-03-22,STR_018,Toys,42,1121.42,1
2025-07-13,STR_002,Electronics,16,2462.76,0
2025-06-18,STR_013,Electronics,25,4046.96,0
2025-05-04,STR_007,Electronics,38,5527.93,0
2025-10-06,STR_001,Toys,22,598.46,1
2025-07-29,STR_016,Food,35,274.6,0
2025-07-20,STR_014,Home,170,13193.62,1
2025-03-05,STR_011,Home,88,7574.23,0
2025-11-09,STR_004,Food,94,832.54,0
2025-09-19,STR_009,Toys,19,503.53,0
2025-07-01,STR_020,Food,42,353.91,1
2025-12-16,STR_003,Electronics,82,11198.74,0
2025-08-30,STR_001,Toys,17,448.89,0
2025-12-21,STR_018,Food,53,476.79,0
2025-10-04,STR_006,Toys,19,514.64,0
2025-08-22,STR_006,Food,11,100.43,0
2025-05-15,STR_015,Electronics,23,3586.32,0
2025-12-26,STR_019,Home,76,5611.04,0
2025-12-07,STR_011,Electronics,39,5383.89,0
2025-12-06,STR_007,Home,68,5268.99,0
2025-11-15,STR_013,Food,41,373.17,0
2025-02-02,STR_010,Clothing,25,1134.62,0
2025-04-15,STR_004,Clothing,72,3388.03,0
2025-08-19,STR_016,Home,82,6458.38,0
2025-06-12,STR_018,Food,95,761.53,0
2025-07-19,STR_011,Home,100,7595.48,0
2025-06-04,STR_006,Toys,69,1790.12,0
2025-02-22,STR_017,Clothing,64,3002.81,0
2025-01-02,STR_005,Toys,184,4194.82,1
2025-07-17,STR_016,Home,52,4070.68,0
2025-12-19,STR_007,Clothing,60,2513.12,0
2025-03-29,STR_017,Electronics,39,5618.75,0
2025-02-12,STR_012,Electronics,10,1624.53,0
2025-07-06,STR_013,Food,26,238.93,0
2025-01-30,STR_020,Toys,20,544.18,0
2025-07-23,STR_004,Food,186,1630.4,1
2025-05-27,STR_013,Food,68,631.63,1
2025-12-09,STR_010,Food,186,1573.44,1
2025-09-28,STR_005,Toys,32,829.88,0
2025-02-25,STR_006,Electronics,77,12330.75,0
2025-08-27,STR_007,Toys,32,791.42,0
2025-08-21,STR_018,Home,87,6355.94,0
2025-08-16,STR_008,Food,88,747.05,0
2025-12-17,STR_017,Clothing,38,1772.25,1
2025-01-27,STR_012,Home,88,7190.88,0
2025-09-15,STR_005,Home,43,3271.77,0
2025-09-14,STR_019,Toys,38,889.91,0
2025-03-06,STR_008,Home,29,2308.06,0
2025-04-18,STR_016,Toys,86,2202.95,0
2025-07-16,STR_006,Food,84,679.08,0
2025-12-28,STR_018,Food,100,876.5,0
2025-02-13,STR_017,Toys,50,1346.54,1
2025-06-11,STR_016,Clothing,76,3311.47,1
2025-08-11,STR_013,Home,94,6881.32,0
2025-01-23,STR_005,Toys,198,5223.52,1
2025-05-17,STR_013,Electronics,44,6041.48,0
2025-08-23,STR_001,Electronics,19,2576.74,0
2025-04-03,STR_014,Clothing,176,8024.08,1
2025-03-19,STR_009,Food,56,487.01,0
2025-02-13,STR_006,Food,60,484.37,0
2025-12-01,STR_005,Clothing,73,3205.76,0
2025-10-04,STR_010,Home,70,5430.99,1
2025-06-16,STR_008,Food,62,487.76,1
2025-03-26,STR_006,Electronics,26,3835.78,0
2025-04-14,STR_001,Toys,69,1700.03,0
2025-07-22,STR_010,Home,69,5876.51,0
2025-05-18,STR_018,Electronics,108,15259.4,1
2025-08-06,STR_008,Electronics,81,11513.81,0
2025-02-08,STR_002,Clothing,29,1307.55,0
2025-10-31,STR_014,Food,75,633.5,0
2025-12-03,STR_004,Toys,77,1899.39,0
2025-01-15,STR_019,Home,12,969.67,0
2025-03-01,STR_003,Toys,34,779.53,0
2025-02-21,STR_011,Electronics,87,12528.75,0
2025-09-06,STR_015,Clothing,92,4124.0,0
2025-08-20,STR_011,Toys,78,1825.75,1
2025-01-02,STR_009,Clothing,96,4237.75,0
2025-06-06,STR_011,Food,28,255.28,0
2025-02-16,STR_003,Food,186,1519.37,1
2025-05-26,STR_012,Food,64,591.44,0
2025-09-27,STR_015,Electronics,51,7238.43,0
2025-06-05,STR_009,Toys,66,1766.37,0
2025-12-21,STR_005,Toys,35,796.62,0
2025-11-08,STR_005,Food,97,868.55,0
2025-07-09,STR_016,Food,108,963.64,1
2025-04-17,STR_008,Toys,43,1089.83,0
2025-08-09,STR_006,Food,29,238.78,0
2025-10-29,STR_003,Food,68,577.88,0
2025-01-05,STR_006,Home,67,5792.33,0
2025-07-06,STR_013,Electronics,44,6602.99,0
2025-11-23,STR_017,Home,200,17187.09,1
2025-10-15,STR_012,Electronics,28,3830.93,1
2025-12-26,STR_002,Electronics,36,5222.5,0
2025-08-02,STR_001,Home,40,3006.44,0
2025-03-14,STR_019,Food,66,549.41,0
2025-12-14,STR_015,Electronics,13,1955.43,0
2025-09-09,STR_017,Toys,69,1558.35,0
2025-12-15,STR_003,Clothing,42,1740.29,1
2025-12-17,STR_012,Toys,87,2046.61,0
2025-07-23,STR_017,Food,65,570.39,0
2025-02-19,STR_008,Clothing,64,2834.55,0
2025-09-11,STR_018,Home,26,2186.55,0
2025-08-22,STR_004,Home,96,7920.06,0
2025-07-29,STR_009,Electronics,81,12643.32,0
2025-05-03,STR_010,Electronics,35,5448.2,0
2025-12-08,STR_001,Food,54,423.98,1
2025-07-15,STR_008,Toys,178,4314.61,1
2025-09-08,STR_015,Toys,44,1184.72,0
2025-02-09,STR_017,Home,64,4970.93,0
2025-03-20,STR_003,Clothing,41,1888.6,0
2025-06-22,STR_014,Clothing,102,4818.01,1
2025-12-18,STR_001,Food,200,1677.58,1
2025-09-30,STR_012,Home,82,6063.66,0
2025-09-23,STR_002,Electronics,75,12091.73,0
2025-10-11,STR_003,Food,81,747.1,0
2025-09-13,STR_018,Toys,70,1849.55,0
2025-04-18,STR_007,Clothing,33,1457.25,0
2025-02-09,STR_017,Home,78,6782.48,0
2025-01-19,STR_003,Toys,22,576.72,0
2025-08-03,STR_002,Food,48,405.63,0
2025-09-22,STR_017,Home,32,2322.9,1
2025-06-07,STR_005,Clothing,57,2818.33,0
2025-06-10,STR_003,Home,48,4184.71,0
2025-03-05,STR_017,Home,90,6719.57,0
2025-01-01,STR_002,Home,92,7313.9,0
2025-05-06,STR_018,Food,22,186.32,0
2025-04-19,STR_002,Toys,43,1079.41,0
2025-02-13,STR_017,Food,30,274.65,0
2025-09-22,STR_019,Electronics,42,6637.03,0
2025-02-16,STR_004,Food,63,484.86,0
2025-09-13,STR_018,Home,46,3937.4,0
2025-03-27,STR_002,Toys,57,1365.08,0
2025-01-04,STR_018,Electronics,82,11496.31,0
2025-07-28,STR_018,Electronics,20,2724.64,0
2025-07-12,STR_013,Electronics,45,6173.52,0
2025-08-09,STR_016,Clothing,74,3156.0,0
2025-04-25,STR_004,Home,90,6737.36,0
2025-10-04,STR_012,Toys,42,1065.58,0
2025-08-22,STR_004,Electronics,84,11647.06,0
2025-08-26,STR_005,Electronics,166,26988.98,1
2025-07-05,STR_020,Electronics,52,7597.56,0
2025-04-21,STR_005,Electronics,58,8550.2,0
2025-06-10,STR_014,Food,58,450.3,0
2025-06-22,STR_014,Toys,76,1726.52,0
2025-10-13,STR_006,Food,72,565.23,0
2025-11-10,STR_006,Toys,10,250.36,0
2025-12-27,STR_004,Electronics,76,10595.1,0
2025-06-08,STR_005,Electronics,29,4214.71,0
2025-08-12,STR_013,Food,100,922.64,0
2025-06-16,STR_015,Home,104,9098.72,1
2025-05-12,STR_005,Clothing,85,3574.6,0
2025-06-18,STR_013,Electronics,14,1894.82,0
2025-02-19,STR_006,Toys,100,2490.99,0
2025-12-15,STR_003,Home,84,6133.5,0
2025-06-25,STR_019,Clothing,38,1744.15,0
2025-11-20,STR_012,Toys,39,900.96,0
2025-02-03,STR_013,Home,19,1575.73,0
2025-02-24,STR_020,Food,10,81.96,0
2025-03-06,STR_007,Food,34,282.7,1
2025-04-18,STR_002,Home,56,4645.29,0
2025-05-06,STR_011,Home,156,12665.68,1
2025-01-09,STR_007,Electronics,93,13450.59,0
2025-09-08,STR_011,Food,69,616.76,0
2025-01-30,STR_006,Toys,70,1657.55,0
2025-04-09,STR_007,Home,90,7143.7,0
2025-04-26,STR_014,Food,87,775.0,0
2025-11-28,STR_007,Clothing,35,1568.75,0
2025-10-30,STR_012,Home,47,3762.13,0
2025-04-16,STR_020,Toys,198,5040.53,1
2025-02-02,STR_004,Toys,43,1010.5,0
2025-01-17,STR_006,Toys,82,1847.3,0
2025-08-18,STR_004,Food,37,304.47,0
2025-01-17,STR_013,Electronics,24,3467.1,0
2025-12-24,STR_002,Toys,18,438.45,0
2025-04-12,STR_020,Electronics,92,14859.85,0
2025-05-04,STR_001,Electronics,65,10544.45,0
2025-07-17,STR_007,Electronics,78,11673.85,0
2025-06-02,STR_001,Toys,60,1591.78,0
2025-11-19,STR_006,Home,132,11054.55,1
2025-11-23,STR_011,Clothing,10,457.9,0
2025-09-17,STR_010,Toys,67,1666.57,0
2025-04-19,STR_008,Home,102,8431.52,1
2025-10-13,STR_016,Toys,120,3011.65,1
2025-03-27,STR_019,Home,200,15666.32,1
2025-04-05,STR_008,Clothing,94,4207.02,0
2025-08-07,STR_019,Home,53,4196.7,0
2025-05-27,STR_019,Home,30,2211.52,0
2025-09-03,STR_010,Food,62,541.02,0
2025-11-21,STR_002,Home,31,2244.9,0
2025-03-30,STR_016,Food,97,759.42,0
2025-04-17,STR_010,Food,73,666.8,0
2025-02-19,STR_015,Food,27,218.11,0
2025-01-10,STR_002,Food,82,654.91,0
2025-05-15,STR_006,Food,128,1184.83,1
2025-02-24,STR_016,Home,110,8720.16,1
2025-10-19,STR_003,Home,156,12025.08,1
2025-01-12,STR_019,Home,35,2596.75,0
2025-07-08,STR_004,Home,41,3572.28,0
2025-06-28,STR_008,Home,70,5122.38,0
2025-01-19,STR_011,Electronics,95,14722.32,0
2025-04-28,STR_012,Home,64,5531.48,0
2025-07-27,STR_004,Home,41,3192.52,0
2025-09-21,STR_003,Toys,89,2110.33,0
2025-05-06,STR_005,Home,15,1206.11,0
2025-11-18,STR_006,Electronics,170,26995.67,1
2025-05-20,STR_008,Clothing,86,3560.88,0
2025-11-06,STR_019,Food,19,159.71,0
2025-07-27,STR_017,Home,47,3966.68,0
2025-03-29,STR_013,Clothing,80,3265.5,1
2025-10-13,STR_003,Home,74,6019.97,0
2025-07-23,STR_019,Food,164,1381.52,1
2025-06-17,STR_002,Electronics,29,4759.5,0
2025-03-21,STR_009,Electronics,21,3224.98,0
2025-02-16,STR_008,Toys,44,1075.62,0
2025-10-30,STR_013,Toys,69,1759.47,0
2025-12-25,STR_006,Home,14,1223.98,0
2025-04-04,STR_006,Home,32,2347.55,1
2025-04-10,STR_015,Home,86,6576.08,0
2025-05-27,STR_018,Electronics,44,6948.19,0
2025-12-27,STR_015,Electronics,41,6078.08,0
2025-06-15,STR_004,Toys,46,1146.06,1
2025-09-17,STR_018,Food,11,90.8,0
2025-06-02,STR_008,Food,32,287.55,1
2025-09-21,STR_008,Toys,56,1539.92,0
2025-10-26,STR_020,Clothing,97,4673.51,0
2025-05-12,STR_012,Clothing,30,1437.6,1
2025-05-31,STR_002,Electronics,45,6487.37,0
2025-08-11,STR_015,Home,69,6010.34,0
2025-08-04,STR_011,Food,21,163.04,0
2025-10-28,STR_015,Clothing,47,2196.52,0
2025-03-01,STR_018,Toys,89,2218.89,0
2025-03-12,STR_007,Home,98,8570.38,1
2025-10-31,STR_003,Electronics,24,3462.02,0
2025-08-26,STR_016,Toys,11,294.79,0
2025-08-29,STR_012,Home,108,8324.57,1
2025-06-19,STR_015,Toys,114,3002.01,1
2025-04-20,STR_010,Clothing,99,4572.67,0
2025-11-25,STR_014,Toys,44,1088.13,0
2025-11-18,STR_015,Toys,54,1393.87,0
2025-11-02,STR_005,Electronics,23,3271.01,0
2025-04-09,STR_006,Electronics,54,7948.48,0
2025-08-19,STR_011,Electronics,25,4029.18,0
2025-11-15,STR_006,Clothing,11,499.85,0
2025-02-04,STR_013,Home,38,3241.12,0
2025-09-20,STR_004,Food,28,219.69,0
2025-06-28,STR_008,Home,28,2250.56,1
2025-01-06,STR_011,Electronics,36,4875.85,0
2025-12-22,STR_015,Electronics,108,14778.62,1
2025-10-15,STR_004,Clothing,70,3419.19,0
2025-09-21,STR_020,Electronics,38,6153.32,1
2025-09-29,STR_019,Toys,58,1522.45,0
2025-02-17,STR_004,Food,76,650.84,1
2025-02-05,STR_001,Home,55,4214.05,0
2025-07-21,STR_013,Toys,78,1861.96,0
2025-08-27,STR_019,Electronics,79,11763.59,0
2025-07-08,STR_002,Food,32,273.53,0
2025-10-27,STR_013,Clothing,38,1824.68,0
2025-06-21,STR_008,Home,25,2131.87,0
2025-02-01,STR_017,Toys,62,1678.52,0
2025-03-12,STR_018,Electronics,22,3266.95,1
2025-10-16,STR_019,Home,80,5878.05,0
2025-11-29,STR_006,Food,96,854.0,0
2025-12-08,STR_008,Electronics,86,13686.09,0
2025-09-20,STR_008,Toys,31,703.33,0
2025-07-12,STR_020,Clothing,25,1044.64,0
2025-07-28,STR_007,Clothing,77,3778.84,0
2025-01-11,STR_005,Food,40,371.85,0
2025-08-14,STR_017,Toys,76,1797.28,0
2025-12-02,STR_014,Toys,38,890.99,1
2025-12-16,STR_013,Home,40,3428.49,0
2025-02-15,STR_016,Home,75,6484.04,0
2025-02-12,STR_011,Home,37,3061.87,0
2025-07-02,STR_019,Home,36,2701.41,0
2025-01-11,STR_005,Home,41,3558.01,0
2025-03-13,STR_014,Home,168,12266.08,1
2025-08-28,STR_014,Toys,29,750.5,0
2025-02-09,STR_016,Food,57,517.43,0
2025-09-28,STR_011,Toys,27,617.49,0
2025-10-20,STR_009,Clothing,94,3933.07,0
2025-05-07,STR_009,Electronics,42,6766.35,0
2025-11-16,STR_010,Electronics,91,13370.32,0
2025-05-02,STR_008,Clothing,17,795.36,0
2025-02-22,STR_019,Toys,69,1622.09,0
2025-11-15,STR_001,Home,48,4050.36,0
2025-07-20,STR_011,Home,25,2194.63,0
2025-06-10,STR_005,Home,49,3717.83,0
2025-11-22,STR_014,Home,30,2490.71,1
2025-03-04,STR_015,Toys,82,2141.6,0
2025-01-06,STR_005,Electronics,69,10084.15,0
2025-05-11,STR_010,Home,19,1425.28,0
2025-01-07,STR_018,Electronics,30,4164.06,0
2025-06-09,STR_008,Electronics,63,9959.18,0
2025-02-11,STR_019,Electronics,89,14447.63,0
2025-06-22,STR_010,Clothing,188,8796.05,1
2025-01-21,STR_001,Food,72,665.44,1
2025-06-04,STR_011,Toys,44,1024.48,0
2025-05-30,STR_010,Toys,43,1117.1,0
2025-11-29,STR_008,Food,23,202.9,0
2025-02-28,STR_006,Toys,132,3177.12,1
2025-03-02,STR_009,Toys,72,1707.6,0
2025-04-04,STR_016,Toys,92,2127.62,0
2025-04-04,STR_020,Toys,21,518.39,0
2025-04-27,STR_004,Food,11,84.43,0
2025-07-29,STR_002,Home,70,5677.92,0
2025-01-10,STR_004,Food,46,378.5,1
2025-12-30,STR_006,Electronics,99,13515.39,0
2025-04-27,STR_002,Clothing,86,3949.89,1
2025-09-24,STR_001,Clothing,162,7002.28,1
2025-01-05,STR_005,Electronics,92,13156.65,0
2025-02-03,STR_003,Home,122,8914.65,1
2025-07-29,STR_015,Toys,52,1242.03,0
2025-07-29,STR_012,Clothing,89,3782.25,0
2025-04-28,STR_013,Clothing,50,2353.24,0
2025-10-05,STR_002,Clothing,48,2126.85,0
2025-09-27,STR_015,Home,40,3062.4,0
2025-08-25,STR_008,Food,68,590.3,1
2025-06-04,STR_016,Clothing,132,6183.64,1
2025-03-25,STR_015,Electronics,41,6208.11,0
2025-10-30,STR_013,Clothing,46,2150.44,0
2025-01-15,STR_001,Home,22,1766.32,1
2025-09-22,STR_014,Electronics,36,5550.15,1
2025-11-06,STR_016,Food,59,466.16,0
2025-09-07,STR_003,Toys,38,942.54,0
2025-11-07,STR_016,Home,72,5364.71,0
2025-03-07,STR_010,Food,78,729.06,0
2025-11-24,STR_017,Electronics,46,6922.67,0
2025-06-02,STR_001,Electronics,48,7894.09,0
2025-03-19,STR_001,Toys,17,405.59,0
2025-07-07,STR_013,Home,73,6400.47,0
2025-05-31,STR_009,Electronics,92,14710.65,1
2025-06-13,STR_006,Food,40,344.38,0
2025-06-22,STR_002,Home,80,5845.29,0
2025-09-08,STR_009,Electronics,27,4397.71,0
2025-08-26,STR_013,Electronics,85,12695.27,0
2025-03-07,STR_015,Food,100,798.83,0
2025-07-15,STR_005,Toys,126,2894.59,1
2025-03-30,STR_009,Toys,19,446.65,0
2025-03-20,STR_006,Electronics,22,3348.6,0
2026-01-01,STR_009,Home,54,4741.31,1
2025-06-19,STR_001,Toys,52,1416.94,0
2025-06-15,STR_017,Clothing,20,956.61,1
2025-10-06,STR_018,Toys,80,1997.13,1
2025-04-18,STR_010,Toys,180,4064.31,1
2025-02-21,STR_002,Electronics,67,9581.59,0
2025-08-10,STR_012,Electronics,66,9919.05,0
2025-11-03,STR_002,Food,42,392.6,0
2025-02-05,STR_001,Electronics,120,16830.67,1
2025-07-03,STR_007,Clothing,45,2044.44,0
2025-08-30,STR_003,Home,60,4981.21,1
2025-05-05,STR_008,Electronics,96,15225.89,1
2025-01-30,STR_020,Toys,41,1027.86,0
2025-06-17,STR_005,Food,83,725.19,0
2025-09-03,STR_007,Home,106,8584.02,1
2025-12-19,STR_008,Toys,87,2202.39,0
2025-05-20,STR_014,Home,88,6577.2,1
2025-09-10,STR_017,Electronics,60,9675.07,0
2025-12-09,STR_011,Electronics,78,10690.65,1
2025-05-02,STR_006,Clothing,94,4069.36,0
2025-03-19,STR_009,Food,28,243.26,0
2025-09-11,STR_011,Home,48,4186.1,0
2025-05-13,STR_010,Electronics,49,6829.16,0
2025-06-02,STR_016,Food,40,326.17,0
2025-08-09,STR_001,Toys,88,2099.4,0
2025-05-09,STR_010,Home,16,1265.98,0
2025-03-01,STR_015,Electronics,188,26371.99,1
2025-02-12,STR_019,Electronics,164,24777.67,1
2025-08-12,STR_017,Clothing,124,5359.64,1
2025-04-06,STR_007,Electronics,79,10739.91,0
2025-05-06,STR_017,Electronics,35,5538.58,0
2025-04-06,STR_001,Clothing,37,1632.32,0
2025-07-25,STR_008,Home,76,6534.96,0
2025-06-17,STR_010,Toys,20,476.69,0
2025-11-15,STR_020,Toys,28,752.83,0
2025-04-25,STR_008,Toys,144,3286.36,1
2025-03-17,STR_020,Clothing,69,3192.78,0
2025-01-24,STR_011,Clothing,44,2167.3,0
2025-03-23,STR_011,Electronics,52,8094.22,0
2025-10-18,STR_014,Toys,54,1381.1,0
2025-01-30,STR_009,Toys,41,1095.56,0
2025-07-17,STR_013,Food,68,586.7,1
2025-12-31,STR_020,Electronics,72,10491.64,1
2025-02-02,STR_001,Clothing,46,2023.58,0
2025-06-16,STR_002,Toys,62,1596.63,1
2025-04-21,STR_014,Clothing,78,3737.36,0
2025-12-08,STR_005,Toys,72,1637.29,0
2025-12-27,STR_008,Toys,44,1164.16,0
2025-10-30,STR_013,Electronics,14,2138.58,0
2025-01-15,STR_019,Toys,80,2156.51,0
2025-07-13,STR_006,Toys,70,1727.22,1
2025-10-22,STR_019,Home,71,6113.26,0
2025-03-15,STR_016,Toys,39,988.4,0
2025-07-22,STR_020,Food,38,353.48,0
2025-09-03,STR_005,Home,50,4370.23,1
2025-05-28,STR_015,Toys,70,1839.42,0
2025-07-04,STR_005,Food,17,145.43,0
2025-05-24,STR_020,Electronics,196,26889.36,1
2025-05-15,STR_002,Clothing,90,4113.34,0
2025-04-20,STR_010,Home,50,4228.39,0
2025-06-25,STR_016,Electronics,198,28428.68,1
2025-04-05,STR_001,Home,58,4599.89,1
2025-02-26,STR_017,Electronics,53,8024.71,0
2025-04-26,STR_014,Clothing,31,1286.21,0
2025-01-09,STR_004,Toys,99,2682.36,0
2025-01-15,STR_013,Clothing,84,3546.95,0
2025-10-23,STR_003,Food,22,202.14,0
2025-06-29,STR_013,Clothing,162,7740.16,1
2025-03-20,STR_019,Electronics,144,23177.21,1
2025-03-19,STR_009,Toys,77,2098.37,0
2025-10-01,STR_003,Electronics,64,8728.9,0
2025-08-16,STR_003,Electronics,20,2859.3,0
2025-08-11,STR_014,Clothing,66,2827.0,0
2025-09-08,STR_015,Home,148,11493.93,1
2025-05-09,STR_007,Toys,32,800.1,1
2025-11-30,STR_001,Food,61,557.1,0
2025-03-10,STR_003,Clothing,63,2919.28,0
2025-01-06,STR_015,Electronics,21,2987.4,0
2025-09-23,STR_009,Home,144,12588.51,1
2025-01-12,STR_010,Toys,75,1997.8,0
2025-11-27,STR_014,Home,94,7718.27,0
2025-02-15,STR_019,Toys,39,999.62,0
2025-02-05,STR_005,Home,156,11382.57,1
2025-09-03,STR_001,Food,31,268.42,0
2025-03-30,STR_001,Electronics,78,10565.94,0
2025-02-10,STR_006,Food,38,329.9,0
2025-12-10,STR_016,Toys,58,1437.0,0
2025-12-06,STR_008,Toys,78,1768.29,0
2025-12-28,STR_013,Toys,82,2135.6,0
2025-06-04,STR_017,Food,58,534.19,0
2025-10-13,STR_016,Food,176,1434.53,1
2025-11-08,STR_011,Clothing,96,4685.25,0
2025-10-09,STR_013,Electronics,51,7197.07,0
2025-12-27,STR_005,Food,45,383.14,0
2025-10-19,STR_019,Food,82,712.29,0
2025-02-11,STR_014,Home,178,13005.54,1
2025-07-26,STR_020,Clothing,16,698.55,0
2025-02-05,STR_015,Home,13,1059.2,0
2025-11-16,STR_011,Electronics,92,13650.16,0
2025-06-20,STR_009,Home,94,7251.52,1
2025-08-16,STR_011,Toys,136,3399.53,1
2025-01-20,STR_005,Electronics,47,6945.38,0
2025-09-08,STR_012,Home,17,1494.1,0
2025-11-13,STR_014,Food,40,318.74,0
2025-09-03,STR_011,Toys,22,604.05,0
2025-10-06,STR_019,Toys,86,2075.63,0
2025-01-21,STR_015,Electronics,62,9859.75,1
2025-12-21,STR_019,Electronics,81,12973.73,0
2025-01-22,STR_010,Electronics,46,7103.12,1
2025-12-25,STR_019,Electronics,17,2584.81,0
2025-10-07,STR_020,Toys,55,1488.65,0
2025-11-10,STR_003,Electronics,62,9055.93,0
2025-10-31,STR_007,Electronics,88,12588.82,0
2025-07-15,STR_010,Clothing,46,2235.93,0
2025-05-20,STR_015,Toys,71,1946.43,0
2025-04-22,STR_005,Toys,97,2608.79,0
2025-08-11,STR_020,Clothing,58,2493.24,1
2025-12-31,STR_004,Toys,83,1886.6,0
2025-03-23,STR_013,Electronics,73,10921.11,0
2025-11-14,STR_005,Food,58,508.86,0
2025-11-05,STR_019,Clothing,96,4748.42,1
2025-01-27,STR_008,Food,97,794.24,0
2025-07-14,STR_001,Toys,80,1818.05,0
2025-03-13,STR_014,Home,38,2989.07,0
2025-04-17,STR_002,Toys,138,3670.43,1
2025-01-23,STR_013,Electronics,32,5073.18,0
2025-11-02,STR_008,Clothing,44,2077.42,0
2025-08-22,STR_003,Clothing,16,747.63,0
2025-09-15,STR_012,Toys,19,447.74,0
2025-05-27,STR_009,Toys,19,432.77,0
2025-01-24,STR_006,Food,94,726.67,0
2025-01-26,STR_014,Toys,29,746.47,0
2025-07-19,STR_004,Electronics,13,1795.78,0
2025-10-06,STR_002,Clothing,90,4019.0,0
2025-08-14,STR_008,Clothing,93,4194.39,0
2025-05-13,STR_019,Clothing,71,3282.7,0
2025-08-14,STR_012,Food,13,109.56,0
2025-05-31,STR_017,Clothing,57,2588.49,0
2025-05-01,STR_005,Electronics,52,8041.21,1
2025-09-05,STR_015,Toys,64,1573.69,0
2025-07-16,STR_016,Home,79,6841.32,0
2025-11-24,STR_016,Toys,186,4234.49,1
2025-03-12,STR_003,Home,186,13698.84,1
2025-08-17,STR_006,Toys,85,2045.77,0
2025-07-11,STR_010,Electronics,34,5086.8,1
2025-02-28,STR_013,Toys,25,673.9,0
2025-06-05,STR_008,Clothing,60,2960.09,1
2025-09-25,STR_017,Home,51,3959.45,0
2025-08-21,STR_001,Clothing,19,899.17,0
2025-10-01,STR_003,Toys,176,4764.41,1
2025-10-27,STR_010,Toys,94,2578.35,0
2025-06-28,STR_019,Food,106,839.37,1
2025-05-08,STR_001,Food,42,352.85,0
2025-05-18,STR_010,Food,27,220.95,0
2025-04-20,STR_017,Food,51,393.64,0
2025-01-14,STR_012,Clothing,19,904.99,0
2025-11-17,STR_011,Clothing,66,3257.3,1
2025-02-05,STR_018,Toys,65,1478.97,0
2025-07-01,STR_019,Clothing,70,3281.76,0
2025-07-13,STR_009,Food,38,329.35,0
2025-04-12,STR_004,Toys,70,1819.27,0
2025-11-16,STR_020,Clothing,45,1921.02,0
2025-09-08,STR_019,Food,94,798.26,0
2025-12-17,STR_001,Toys,10,232.62,0
2025-10-18,STR_019,Clothing,45,2192.44,0
2025-02-19,STR_017,Clothing,20,810.98,0
2025-04-19,STR_002,Electronics,120,16586.51,1
2025-04-22,STR_015,Home,55,4309.63,0
2025-07-25,STR_001,Home,66,5016.18,1
2025-04-02,STR_002,Food,120,1049.8,1
2025-01-19,STR_016,Toys,69,1849.11,0
2025-03-16,STR_018,Clothing,198,8439.15,1
2025-04-11,STR_020,Clothing,99,4386.08,0
2025-01-02,STR_011,Food,36,308.59,1
2025-02-21,STR_010,Electronics,152,22862.31,1
2025-10-12,STR_004,Electronics,32,4524.35,0
2025-12-31,STR_006,Toys,150,4011.0,1
2025-04-02,STR_014,Toys,62,1608.4,0
2025-10-11,STR_010,Food,99,780.61,0
2025-11-29,STR_012,Home,75,6130.05,0
2025-07-31,STR_010,Electronics,12,1810.19,0
2025-04-29,STR_016,Electronics,60,9189.9,0
2025-07-18,STR_020,Toys,27,693.88,0
2025-01-16,STR_019,Electronics,63,8719.67,0
2025-12-16,STR_015,Clothing,90,4155.36,0
2025-07-21,STR_013,Toys,94,2501.64,0
2025-02-14,STR_006,Electronics,28,3964.3,0
2025-05-08,STR_018,Clothing,120,5096.13,1
2025-10-31,STR_003,Toys,14,384.88,0
2025-05-13,STR_016,Electronics,28,4312.63,0
2025-02-25,STR_018,Electronics,80,12593.42,0
2025-12-10,STR_006,Electronics,65,9257.25,0
2025-08-19,STR_015,Clothing,34,1418.73,0
2025-09-06,STR_003,Toys,172,4421.57,1
2025-04-25,STR_015,Home,42,3393.59,0
2025-02-14,STR_008,Electronics,33,4495.27,0
2025-07-23,STR_020,Toys,13,331.62,0
2025-11-26,STR_002,Food,13,100.95,0
2025-12-18,STR_019,Toys,18,427.29,0
2025-03-07,STR_016,Clothing,53,2286.52,0
2025-02-04,STR_006,Electronics,72,10262.35,1
2025-02-28,STR_004,Clothing,89,3820.83,0
2025-04-12,STR_016,Clothing,19,852.38,0
2025-06-15,STR_006,Home,54,3943.2,0
2025-01-27,STR_008,Food,17,139.36,0
2025-02-02,STR_011,Food,78,686.08,1
2025-10-18,STR_010,Electronics,96,15730.1,0
2025-12-05,STR_007,Food,89,726.85,0
2025-12-17,STR_020,Food,23,211.78,0
2025-04-17,STR_001,Clothing,86,4005.5,0
2025-06-03,STR_020,Home,70,5417.0,0
2025-05-08,STR_018,Home,23,1781.26,0
2025-03-21,STR_012,Food,13,118.87,0
2025-12-11,STR_017,Electronics,34,5055.39,1
2025-08-09,STR_018,Electronics,85,12313.85,0
2025-04-14,STR_011,Food,84,748.04,1
2025-10-01,STR_003,Electronics,86,11649.14,0
2025-01-18,STR_007,Toys,26,669.73,0
2025-01-18,STR_002,Toys,15,349.31,0
2025-05-10,STR_008,Toys,44,990.79,0
2025-11-29,STR_011,Clothing,68,3166.24,0
2025-03-14,STR_005,Clothing,100,4894.72,0
2025-10-20,STR_005,Clothing,91,4491.97,0
2025-03-05,STR_001,Toys,88,2076.96,0
2025-09-10,STR_012,Home,46,3899.0,1
2025-02-26,STR_016,Clothing,69,2875.96,0
2025-04-15,STR_002,Home,68,5263.69,0
2025-04-26,STR_008,Electronics,39,5913.27,0
2025-06-09,STR_006,Clothing,91,4392.4,0
2025-05-11,STR_016,Clothing,77,3618.22,0
2025-07-26,STR_011,Food,27,247.82,0
2025-03-25,STR_003,Electronics,164,25420.27,1
2025-02-04,STR_005,Food,97,787.73,0
2025-04-11,STR_010,Toys,95,2350.66,0
2025-07-28,STR_017,Toys,88,2391.77,0
2025-10-13,STR_016,Electronics,30,4662.07,1
2025-07-11,STR_003,Home,44,3473.55,1
2025-05-31,STR_011,Electronics,44,6320.19,0
2025-01-31,STR_009,Food,98,843.54,0
2025-12-14,STR_007,Home,45,3955.91,0
2025-06-26,STR_015,Toys,40,1033.51,0
2025-01-24,STR_003,Clothing,91,4374.06,0
2025-01-30,STR_014,Home,84,6615.48,0
2025-09-04,STR_004,Food,20,161.16,0
2025-11-23,STR_014,Clothing,46,1890.45,0
2025-12-13,STR_004,Electronics,84,13410.18,0
2025-08-14,STR_015,Home,59,5182.14,0
2025-09-01,STR_016,Clothing,118,5352.14,1
2025-01-04,STR_007,Toys,84,1966.01,0
2025-03-08,STR_017,Toys,78,1841.47,0
2025-07-02,STR_018,Clothing,48,2060.22,0
2025-07-06,STR_005,Food,134,1078.42,1
2025-01-07,STR_018,Electronics,112,16544.09,1
2025-08-04,STR_012,Food,54,433.23,1
2025-06-21,STR_018,Home,82,6108.92,0
2025-01-26,STR_016,Toys,81,2225.93,0
2025-05-17,STR_003,Electronics,47,6541.27,0
2025-07-01,STR_013,Food,40,327.69,1
2025-05-03,STR_005,Home,47,3704.82,0
2025-06-21,STR_010,Food,70,577.01,0
2025-07-05,STR_015,Electronics,38,6028.31,0
2025-08-21,STR_011,Toys,16,370.37,0
2025-01-06,STR_009,Clothing,63,2730.29,0
2025-01-29,STR_006,Home,92,7373.53,0
2025-12-24,STR_012,Food,58,468.11,0
2025-07-06,STR_007,Toys,46,1090.33,0
2025-07-18,STR_010,Electronics,21,3026.99,0
2025-04-12,STR_011,Toys,58,1422.57,0
2025-04-18,STR_012,Toys,27,674.2,0
2025-06-20,STR_015,Food,83,742.99,0
2025-01-15,STR_001,Home,73,5603.6,0
2025-12-01,STR_013,Food,56,455.08,1
2025-02-13,STR_009,Electronics,89,14062.97,0
2025-11-18,STR_008,Toys,24,547.47,0
2025-07-24,STR_003,Home,67,4854.38,0
2025-06-08,STR_004,Toys,92,2402.09,0
2025-01-21,STR_018,Home,22,1854.41,1
2025-10-11,STR_003,Electronics,31,4803.09,0
2025-10-29,STR_013,Home,120,8640.73,1
2025-01-28,STR_005,Toys,37,871.42,0
2025-05-26,STR_011,Clothing,53,2543.54,0
2025-02-07,STR_001,Toys,82,2155.94,0
2025-06-15,STR_011,Home,86,7016.78,0
2025-01-30,STR_009,Home,39,2969.37,0
2025-03-20,STR_018,Electronics,60,9185.96,0
2025-02-14,STR_001,Home,29,2339.48,0
2026-01-01,STR_007,Toys,35,800.96,0
2025-08-21,STR_011,Toys,25,681.33,0
2025-12-03,STR_018,Clothing,56,2549.48,0
2025-05-02,STR_011,Home,136,10868.57,1
2025-12-12,STR_015,Food,83,716.47,0
2025-06-10,STR_003,Food,10,88.72,0
2025-12-09,STR_012,Clothing,25,1059.64,0
2025-06-16,STR_014,Clothing,31,1502.09,0
2025-06-18,STR_001,Clothing,18,805.42,0
2025-05-21,STR_019,Food,10,83.92,0
2025-11-06,STR_016,Electronics,51,7893.27,0
2025-10-26,STR_014,Clothing,68,3121.34,1
2025-05-02,STR_011,Toys,94,2440.41,0
2025-09-12,STR_002,Home,23,1974.62,0
2025-04-05,STR_012,Toys,21,522.74,0
2025-07-11,STR_004,Electronics,48,6625.53,0
2025-02-24,STR_004,Clothing,172,8368.54,1
2025-02-14,STR_010,Food,85,687.54,0
2025-03-02,STR_017,Toys,54,1286.83,1
2025-09-01,STR_010,Food,64,561.12,0
2025-09-30,STR_002,Electronics,84,13342.52,0
2025-08-14,STR_002,Electronics,33,5045.98,0
2025-07-27,STR_015,Electronics,50,8200.92,0
2025-12-04,STR_008,Toys,50,1192.48,0
2025-11-23,STR_001,Toys,26,630.42,0
2025-03-17,STR_015,Clothing,52,2146.01,0
2025-02-02,STR_017,Toys,20,503.44,0
2025-10-27,STR_012,Food,22,168.4,1
2025-05-01,STR_013,Home,46,3464.69,0
2025-12-14,STR_014,Toys,62,1448.86,0
2025-01-31,STR_019,Clothing,39,1785.38,0
2025-03-04,STR_020,Food,10,91.86,0
2025-01-16,STR_012,Food,92,770.46,0
2025-11-13,STR_017,Home,35,2747.11,0
2025-06-26,STR_013,Electronics,100,15389.31,0
2025-05-20,STR_012,Electronics,26,3849.76,1
2025-12-23,STR_005,Toys,53,1262.46,0
2025-10-21,STR_001,Clothing,38,1719.93,0
2025-03-13,STR_017,Electronics,116,18482.48,1
2025-06-19,STR_003,Electronics,33,4913.23,0
2025-11-11,STR_016,Toys,98,2669.31,0
2025-03-30,STR_004,Food,68,566.34,1
2025-03-24,STR_005,Food,54,434.88,0
2025-08-07,STR_016,Clothing,43,1759.39,0
2025-11-26,STR_018,Electronics,97,15230.56,0
2025-06-26,STR_011,Clothing,21,953.59,0
2025-08-29,STR_004,Home,46,3627.79,1
2025-06-14,STR_013,Electronics,54,7361.57,0
2025-09-26,STR_002,Home,98,7551.8,0
2025-02-14,STR_006,Food,99,842.52,0
2025-08-27,STR_016,Electronics,34,4732.3,0
2025-11-24,STR_014,Toys,28,755.17,0
2025-12-05,STR_016,Home,97,8349.34,0
2025-12-13,STR_001,Toys,71,1735.13,0
2025-06-20,STR_016,Home,73,6032.22,0
2025-04-04,STR_007,Food,13,100.79,0
2025-11-30,STR_019,Home,22,1750.45,0
2025-07-26,STR_009,Clothing,15,690.24,0
2025-06-10,STR_020,Food,168,1412.28,1
2025-08-17,STR_004,Home,93,8151.59,0
2025-05-19,STR_003,Home,77,6445.33,0
2025-03-23,STR_011,Electronics,132,20764.13,1
2026-01-01,STR_012,Home,182,15240.89,1
2025-02-13,STR_010,Clothing,20,884.13,0
2025-10-01,STR_015,Electronics,35,5265.01,0
2025-02-07,STR_004,Home,93,8063.04,0
2025-10-28,STR_003,Food,40,345.69,0
2025-10-14,STR_004,Home,99,7555.51,0
2025-01-17,STR_008,Food,54,484.11,0
2025-06-21,STR_011,Food,50,410.36,1
2025-10-25,STR_013,Electronics,83,12143.33,0
2025-03-12,STR_011,Food,62,505.75,0
2025-07-13,STR_018,Clothing,62,2823.32,0
2025-11-02,STR_012,Clothing,30,1227.12,0
2025-12-18,STR_019,Electronics,44,6028.97,0
2025-12-01,STR_018,Clothing,15,645.45,0
2025-05-24,STR_014,Home,35,2690.39,0
2025-03-02,STR_012,Food,57,532.1,0
2025-12-04,STR_014,Toys,75,1788.66,0
2025-05-03,STR_002,Electronics,46,7328.66,0
2025-09-13,STR_017,Electronics,66,9381.94,0
2025-03-03,STR_007,Home,160,12671.12,1
2025-11-20,STR_012,Electronics,46,6780.88,1
2025-06-21,STR_015,Food,158,1243.91,1
2025-06-07,STR_013,Home,20,1499.7,0
2025-10-09,STR_009,Electronics,102,13946.09,1
2025-11-15,STR_007,Food,156,1231.29,1
2025-11-08,STR_020,Toys,47,1260.64,0
2025-12-19,STR_015,Food,14,128.84,0
2025-08-31,STR_018,Food,65,558.33,0
2025-02-23,STR_005,Toys,16,422.87,0
2025-07-19,STR_016,Home,66,5708.84,0
2025-10-27,STR_015,Electronics,87,13593.76,0
2025-09-01,STR_005,Toys,18,493.0,0
2025-07-10,STR_015,Home,96,8142.38,0
2025-12-16,STR_014,Home,83,6519.1,0
2025-11-29,STR_011,Food,10,83.46,0
2025-11-05,STR_008,Home,42,3168.7,1
2025-07-13,STR_016,Home,27,2141.29,0
2025-05-25,STR_002,Food,25,207.46,0
2025-06-28,STR_009,Toys,15,379.95,0
2025-11-24,STR_003,Clothing,51,2292.26,0
2025-06-24,STR_014,Food,176,1611.64,1
2025-09-14,STR_009,Food,70,639.27,0
2025-11-17,STR_005,Clothing,84,3415.38,0
2025-12-02,STR_010,Clothing,77,3725.44,0
2025-10-05,STR_008,Food,89,763.77,0
2025-12-12,STR_014,Toys,81,2218.26,0
2025-01-12,STR_009,Home,46,3565.25,0
2025-06-24,STR_011,Food,24,210.94,0
2025-03-28,STR_013,Toys,43,1063.22,0
2025-09-29,STR_010,Electronics,20,2722.14,0
2025-01-10,STR_018,Toys,10,246.03,0
2025-10-23,STR_001,Food,87,677.72,0
2025-06-23,STR_012,Food,142,1269.01,1
2025-06-29,STR_003,Food,59,520.78,0
2025-10-13,STR_014,Home,184,15334.18,1
2025-05-11,STR_020,Toys,90,2185.32,0
2025-09-16,STR_012,Home,77,6517.69,0
2025-02-24,STR_001,Food,87,726.06,0
2025-02-27,STR_017,Toys,75,1938.4,0
2025-02-23,STR_007,Electronics,38,5598.47,1
2025-07-20,STR_008,Food,19,147.8,0
2025-04-24,STR_014,Home,46,3843.35,0
2025-07-25,STR_014,Electronics,41,5848.57,0
2025-03-03,STR_008,Clothing,33,1540.51,0
2025-08-04,STR_010,Electronics,82,12951.61,0
2025-03-14,STR_015,Electronics,20,3185.44,0
2025-06-18,STR_005,Electronics,93,13639.45,0
2025-12-02,STR_008,Clothing,66,3246.53,0
2025-11-26,STR_018,Clothing,39,1701.36,0
2025-08-02,STR_020,Electronics,70,10303.08,0
2025-06-21,STR_003,Clothing,27,1286.77,0
2025-11-15,STR_010,Food,26,227.65,0
2025-02-26,STR_018,Food,37,345.19,0
2025-09-30,STR_020,Electronics,30,4789.74,0
2025-10-21,STR_018,Clothing,45,1948.95,0
2025-01-01,STR_003,Home,12,962.36,0
2025-03-01,STR_017,Home,42,3179.19,0
2025-06-12,STR_003,Electronics,41,5543.2,0
2025-02-14,STR_014,Electronics,71,11681.51,0
2025-12-07,STR_017,Home,62,4961.58,0
2025-10-30,STR_015,Food,53,449.17,0
2025-06-28,STR_004,Toys,59,1384.84,0
2025-11-07,STR_006,Clothing,126,6149.53,1
2025-10-22,STR_010,Toys,82,2012.07,0
2025-11-08,STR_017,Clothing,62,2855.46,0
2025-06-16,STR_014,Home,85,6682.01,0
2025-10-25,STR_005,Toys,33,822.07,0
2025-05-03,STR_020,Home,36,2985.14,0
2025-06-29,STR_013,Toys,78,2121.36,0
2025-01-31,STR_020,Home,29,2433.08,0
2025-05-21,STR_020,Food,96,751.87,0
2025-11-02,STR_007,Electronics,114,16777.72,1
2025-02-27,STR_005,Home,41,3420.63,0
2025-01-31,STR_009,Home,47,3463.79,0
2025-10-31,STR_010,Food,10,93.22,0
2025-11-28,STR_004,Electronics,186,30629.93,1
2025-01-30,STR_014,Clothing,34,1468.92,0
2025-11-20,STR_012,Food,46,415.87,0
2025-10-07,STR_016,Toys,21,504.95,0
2025-02-23,STR_018,Electronics,19,2967.11,0
2025-08-16,STR_007,Toys,37,989.2,0
2025-09-30,STR_010,Toys,78,1980.6,0
2025-07-05,STR_012,Clothing,95,3925.55,0
2025-01-09,STR_017,Electronics,60,9493.12,1
2025-08-08,STR_014,Toys,98,2431.8,1
2025-09-22,STR_007,Toys,96,2506.78,0
2025-12-07,STR_017,Home,48,3876.27,0
2025-03-09,STR_008,Toys,38,985.59,0
2025-04-20,STR_005,Home,91,7598.89,0
2025-02-03,STR_020,Clothing,63,2646.08,0
2025-04-03,STR_018,Food,20,161.43,0
2025-07-09,STR_015,Clothing,82,3589.33,1
2025-12-24,STR_013,Home,71,5356.21,0
2025-12-31,STR_010,Toys,48,1156.48,0
2025-04-15,STR_001,Toys,49,1282.47,0
2025-04-29,STR_020,Electronics,55,8127.82,0
2025-05-21,STR_006,Electronics,71,11254.63,0
2025-01-25,STR_019,Home,43,3302.31,0
2025-08-25,STR_011,Home,156,12722.61,1
2025-03-06,STR_007,Home,41,3467.12,0
2025-12-19,STR_001,Toys,56,1313.49,0
2025-09-21,STR_009,Home,106,9322.25,1
2025-11-02,STR_015,Clothing,84,3926.22,0
2025-09-27,STR_020,Home,90,7578.55,0
2025-04-11,STR_006,Clothing,60,2945.76,0
2025-03-28,STR_001,Electronics,75,11677.36,0
2025-04-27,STR_010,Home,156,12821.98,1
2025-07-24,STR_012,Clothing,62,2779.12,0
2025-08-02,STR_005,Food,112,953.76,1
2025-04-02,STR_010,Home,99,7251.74,0
2025-05-20,STR_004,Clothing,78,3377.41,0
2025-01-02,STR_019,Toys,78,1835.91,1
2025-06-01,STR_020,Home,94,7911.28,0
2025-04-11,STR_007,Food,98,790.21,1
2025-03-31,STR_020,Toys,32,852.29,0
2025-05-01,STR_008,Clothing,75,3120.73,0
2025-05-25,STR_008,Clothing,27,1231.08,0
2025-09-28,STR_008,Home,24,1791.98,0
2025-07-01,STR_016,Food,87,812.5,0
2025-12-26,STR_007,Electronics,59,9261.58,0
2025-05-08,STR_002,Food,87,674.03,0
2025-12-08,STR_017,Clothing,15,641.94,0
2025-11-23,STR_010,Electronics,78,11926.48,1
2025-03-03,STR_020,Toys,89,2301.16,0
2025-04-07,STR_003,Clothing,19,805.9,0
2025-05-05,STR_020,Clothing,164,7755.86,1
2025-07-27,STR_017,Home,15,1141.96,0
2025-10-08,STR_005,Electronics,150,22346.09,1
2025-07-23,STR_015,Clothing,176,8140.05,1
2025-09-15,STR_013,Food,28,234.19,1
2025-09-10,STR_012,Toys,58,1436.54,0
2025-02-04,STR_020,Electronics,16,2441.64,0
2025-06-10,STR_011,Food,48,368.98,0
2025-04-17,STR_014,Toys,91,2098.85,0
2025-02-12,STR_012,Home,75,6532.71,0
2025-03-25,STR_009,Clothing,46,2257.74,0
2025-03-20,STR_008,Home,72,6047.94,0
2025-06-15,STR_001,Electronics,194,28479.16,1
2025-07-07,STR_017,Home,61,4702.95,0
2025-12-15,STR_012,Home,77,6454.29,0
2025-02-26,STR_010,Clothing,85,3517.57,0
2025-10-16,STR_004,Clothing,58,2690.98,1
2025-01-13,STR_020,Toys,96,2565.56,0
2025-12-11,STR_016,Food,100,875.66,0
2025-05-01,STR_004,Toys,85,2056.85,0
2025-03-17,STR_008,Electronics,100,15307.38,0
2025-06-07,STR_020,Food,60,498.35,0
2025-05-17,STR_005,Electronics,67,9464.58,0
2025-05-12,STR_016,Electronics,28,3810.05,0
2025-11-02,STR_019,Home,43,3304.47,0
2025-09-12,STR_006,Electronics,170,26759.13,1
2025-10-14,STR_013,Food,11,88.84,0
2025-04-24,STR_008,Toys,87,2048.87,0
2025-10-01,STR_006,Toys,25,576.08,0
2025-09-01,STR_020,Clothing,88,4332.74,0
2025-07-05,STR_009,Food,35,269.56,0
2025-12-10,STR_014,Toys,47,1111.96,0
2025-10-22,STR_012,Home,93,7247.76,0
2025-11-09,STR_012,Electronics,68,11153.14,0
2025-01-05,STR_020,Clothing,93,4594.24,0
2025-09-15,STR_003,Electronics,51,7770.2,0
2025-07-10,STR_007,Clothing,10,487.94,0
2025-02-05,STR_009,Food,58,458.55,0
2025-08-09,STR_013,Electronics,92,12983.46,0
2025-04-05,STR_002,Food,79,604.96,0
2025-07-29,STR_018,Home,42,3634.86,0
2025-03-11,STR_014,Electronics,38,5230.87,1
2025-09-16,STR_020,Electronics,74,11022.9,0
2025-01-03,STR_004,Toys,95,2238.46,0
2025-01-04,STR_013,Electronics,72,11024.93,0
2025-12-16,STR_018,Clothing,48,2052.51,0
2025-10-24,STR_016,Toys,98,2272.44,0
2025-02-10,STR_012,Food,58,510.81,1
2025-12-09,STR_009,Toys,64,1719.78,0
2025-10-30,STR_006,Electronics,15,2223.23,0
2025-03-25,STR_016,Clothing,33,1342.57,0
2025-02-04,STR_019,Home,89,7562.6,0
2025-10-04,STR_018,Toys,108,2859.43,1
2025-12-29,STR_017,Electronics,24,3684.74,0
2025-03-13,STR_002,Toys,45,1074.2,0
2025-07-18,STR_017,Clothing,96,4011.65,1
2025-08-15,STR_016,Toys,72,1845.18,0
2025-04-16,STR_002,Toys,180,4405.02,1
2025-11-04,STR_004,Toys,24,574.76,0
2025-07-14,STR_009,Home,196,16629.71,1
2025-06-14,STR_008,Electronics,31,4219.22,0
2025-02-13,STR_019,Home,60,4665.63,0
2025-04-04,STR_002,Clothing,30,1366.04,0
2025-08-13,STR_005,Clothing,65,2949.82,0
2025-12-04,STR_010,Clothing,57,2572.27,0
2025-01-02,STR_019,Home,20,1472.32,0
2025-07-05,STR_003,Food,27,233.0,0
2025-11-14,STR_008,Clothing,55,2486.47,0
2025-09-14,STR_001,Home,70,5783.91,0
2025-10-17,STR_012,Clothing,23,1005.78,0
2025-10-09,STR_018,Electronics,19,2793.36,0
2025-09-03,STR_020,Toys,62,1527.54,0
2025-01-21,STR_019,Home,30,2477.19,0
2025-12-24,STR_019,Home,160,13968.46,1
2025-08-22,STR_010,Home,50,4043.46,0
2025-09-02,STR_015,Home,184,15193.03,1
2025-10-10,STR_014,Food,32,292.07,0
2025-10-11,STR_016,Toys,146,3772.32,1
2025-11-03,STR_007,Clothing,24,1121.02,0
2025-10-28,STR_009,Clothing,32,1524.77,0
2025-05-16,STR_010,Electronics,72,11084.93,0
2025-06-30,STR_017,Food,10,82.15,0
2025-10-30,STR_012,Home,56,4530.91,0
2025-04-08,STR_019,Home,156,13022.87,1
2025-07-18,STR_018,Electronics,91,13398.84,0
2025-10-22,STR_012,Home,89,7573.13,0
2025-08-06,STR_017,Toys,77,1982.43,0
2025-04-26,STR_011,Toys,64,1463.36,0
2025-08-18,STR_003,Toys,37,869.63,0
2025-03-18,STR_010,Food,48,439.49,0
2025-07-29,STR_012,Home,60,4581.53,0
2025-04-01,STR_011,Electronics,89,13457.93,0
2025-03-21,STR_019,Food,86,741.52,0
2025-10-07,STR_017,Clothing,41,1904.82,0
2025-06-27,STR_016,Home,37,3239.57,0
2025-02-07,STR_019,Clothing,82,3730.66,0
2025-12-25,STR_003,Food,33,266.88,0
2025-04-16,STR_019,Toys,100,2674.4,0
2025-03-11,STR_003,Food,142,1316.16,1
2025-08-20,STR_014,Toys,48,1306.01,0
2025-06-05,STR_016,Home,70,5540.28,0
2025-08-13,STR_015,Home,14,1133.94,0
2025-03-31,STR_012,Toys,82,1894.73,1
2025-05-15,STR_011,Food,62,503.8,0
2025-11-20,STR_003,Toys,51,1272.36,0
2025-05-07,STR_008,Clothing,154,7301.53,1
2025-07-11,STR_001,Clothing,84,3837.72,0
2025-12-22,STR_015,Clothing,29,1321.33,0
2025-01-31,STR_004,Home,67,5637.5,0
2025-05-02,STR_007,Home,38,3304.91,0
2025-08-10,STR_006,Toys,74,1827.25,0
2025-10-23,STR_005,Clothing,50,2305.81,0
2025-12-24,STR_001,Home,59,4388.21,0
2025-12-23,STR_003,Toys,84,1966.01,0
2025-05-02,STR_015,Home,168,12595.97,1
2025-08-13,STR_002,Clothing,11,478.53,0
2025-08-24,STR_020,Home,56,4657.15,0
2025-03-16,STR_012,Home,88,7405.33,0
2025-07-07,STR_007,Electronics,44,6406.48,0
2025-03-14,STR_012,Clothing,13,639.75,0
2025-05-30,STR_001,Toys,50,1210.52,1
2025-05-03,STR_011,Home,96,7779.82,0
2025-12-25,STR_015,Toys,88,2289.56,0
2025-01-30,STR_008,Toys,58,1581.36,0
2025-12-13,STR_012,Toys,47,1160.27,0
2025-10-15,STR_020,Food,69,552.61,0
2025-05-14,STR_017,Food,15,122.27,0
2025-04-23,STR_014,Electronics,198,31539.46,1
2025-12-21,STR_012,Home,85,6143.1,0
2025-07-25,STR_014,Home,83,6668.12,0
2025-08-22,STR_009,Clothing,74,3111.04,0
2025-02-01,STR_016,Toys,99,2427.51,0
2025-02-21,STR_006,Toys,50,1248.55,0
2025-02-28,STR_019,Toys,85,1949.46,0
2025-02-03,STR_004,Food,85,790.44,0
2025-06-02,STR_005,Food,100,929.94,1
2025-12-18,STR_006,Electronics,20,2748.39,0
2025-03-20,STR_002,Food,58,502.08,0
2025-05-21,STR_010,Toys,68,1772.55,1
2025-10-19,STR_019,Toys,17,426.55,0
2025-02-25,STR_018,Home,192,13877.62,1
2025-05-02,STR_016,Clothing,71,3126.19,0
2025-12-06,STR_017,Clothing,29,1354.18,0
2025-03-16,STR_010,Food,22,189.05,0
2025-01-29,STR_007,Food,27,226.09,0
2025-06-03,STR_011,Home,68,4896.37,0
2025-10-08,STR_013,Food,43,393.22,0
2025-04-29,STR_011,Electronics,42,6432.39,0
2025-03-15,STR_003,Home,97,7430.5,0
2025-12-15,STR_011,Electronics,78,11531.09,0
2025-10-25,STR_017,Food,96,797.71,1
2025-02-07,STR_010,Home,16,1158.05,0
2025-06-11,STR_013,Electronics,14,2269.76,0
2025-07-03,STR_017,Food,32,274.5,0
2025-03-01,STR_014,Clothing,64,2731.86,0
2025-10-03,STR_019,Electronics,36,5379.94,1
2025-09-29,STR_007,Clothing,39,1807.91,0
2025-05-15,STR_001,Electronics,32,5239.99,0
2025-10-27,STR_004,Food,60,515.57,0
2025-05-12,STR_006,Food,152,1241.98,1
2025-10-19,STR_009,Clothing,82,3591.22,0
2025-06-22,STR_009,Home,40,2928.49,0
2025-01-26,STR_002,Toys,48,1314.3,1
2025-12-29,STR_017,Clothing,28,1298.32,0
2025-04-26,STR_011,Food,71,597.17,0
2025-06-24,STR_003,Electronics,77,10540.97,0
2025-06-10,STR_013,Clothing,42,2029.74,0
2025-05-10,STR_011,Food,14,112.79,0
2025-04-22,STR_008,Electronics,168,26041.55,1
2025-12-23,STR_013,Toys,102,2730.82,1
2025-09-09,STR_017,Clothing,170,7344.92,1
2025-10-16,STR_019,Food,19,166.47,0
2025-01-12,STR_017,Toys,198,4836.41,1
2025-01-14,STR_008,Home,66,5399.33,0
2025-05-05,STR_018,Electronics,63,9654.67,0
2025-12-22,STR_013,Home,85,6189.71,0
2025-04-18,STR_008,Home,33,2793.92,0
2025-11-15,STR_011,Home,73,5310.35,0
2025-12-23,STR_018,Home,11,845.53,0
2025-10-12,STR_004,Home,42,3185.73,0
2025-04-10,STR_004,Electronics,17,2325.65,0
2025-02-14,STR_004,Food,65,600.67,0
2025-12-25,STR_018,Toys,51,1235.92,0
2025-02-26,STR_012,Food,73,676.38,0
2025-04-15,STR_019,Toys,118,3026.03,1
2025-02-26,STR_019,Toys,55,1347.92,0
2025-03-02,STR_016,Home,24,1909.39,0
2025-03-23,STR_016,Electronics,52,7035.86,0
2025-11-05,STR_007,Toys,17,443.17,0
2025-01-05,STR_020,Electronics,15,2095.61,0
2025-03-23,STR_002,Food,18,160.17,0
2025-03-25,STR_009,Toys,95,2484.83,0
2025-03-10,STR_002,Electronics,33,4495.58,0
2025-09-02,STR_020,Home,86,6941.26,0
2025-07-24,STR_013,Electronics,83,11998.98,0
2025-10-16,STR_011,Electronics,20,3208.69,1
2025-02-08,STR_008,Toys,96,2456.49,0
2025-01-26,STR_009,Home,138,11732.18,1
2025-02-06,STR_006,Clothing,82,3958.62,0
2025-11-02,STR_019,Home,99,7592.66,0
2025-04-25,STR_016,Toys,158,4029.34,1
2025-11-17,STR_019,Food,49,380.85,0
2025-11-06,STR_007,Clothing,164,7468.02,1
2025-05-12,STR_003,Food,63,499.4,0
2025-08-02,STR_004,Toys,13,312.76,0
2025-12-13,STR_003,Home,148,11865.72,1
2025-12-12,STR_011,Toys,98,2440.21,1
2025-04-16,STR_004,Home,67,5545.57,0
2025-01-08,STR_006,Food,28,238.09,0
2025-01-17,STR_018,Electronics,41,6353.68,0
2025-04-19,STR_011,Food,48,441.45,0
2025-07-22,STR_019,Food,88,774.58,0
2025-04-21,STR_005,Electronics,37,5472.72,0
2025-12-02,STR_003,Food,68,526.8,0
2025-04-29,STR_010,Electronics,146,21195.24,1
2025-07-08,STR_013,Clothing,35,1698.6,0
2025-06-18,STR_017,Toys,76,1840.76,0
2025-06-24,STR_013,Electronics,37,5376.13,0
2025-10-13,STR_010,Clothing,56,2293.48,0
2025-03-06,STR_002,Toys,106,2633.45,1
2025-01-11,STR_006,Home,24,1955.05,0
2025-06-17,STR_019,Toys,160,3871.07,1
2025-04-23,STR_001,Toys,98,2448.0,0
2025-10-09,STR_012,Food,53,488.53,0
2025-08-23,STR_014,Clothing,10,468.18,0
2025-01-29,STR_002,Clothing,99,4106.94,0
2025-04-08,STR_012,Home,11,894.95,0
2025-02-24,STR_014,Clothing,51,2192.28,0
2025-02-17,STR_017,Food,76,684.78,0
2025-11-21,STR_019,Home,90,7355.65,0
2025-09-14,STR_017,Home,82,7121.64,1
2025-07-26,STR_007,Clothing,90,4266.42,0
2025-04-11,STR_002,Electronics,21,3440.86,0
2025-08-02,STR_017,Food,94,767.4,0
2025-10-14,STR_019,Toys,70,1628.59,0
2025-09-11,STR_019,Food,89,746.33,0
2025-11-07,STR_014,Electronics,42,6142.15,0
2025-04-03,STR_007,Clothing,80,3940.81,0
2025-05-13,STR_009,Clothing,94,4326.77,0
2025-07-02,STR_002,Clothing,54,2420.69,0
2025-02-11,STR_011,Toys,110,2894.69,1
2025-04-17,STR_017,Clothing,29,1198.19,0
2025-08-21,STR_005,Toys,85,2012.26,0
2025-02-11,STR_018,Food,25,215.64,0
2025-12-19,STR_008,Home,58,4455.6,0
2025-12-09,STR_007,Food,88,708.55,1
2025-03-31,STR_013,Home,20,1646.59,0
2025-11-17,STR_002,Toys,44,1142.53,0
2025-05-20,STR_019,Home,67,5227.33,0
2025-10-13,STR_003,Electronics,13,1973.78,0
2025-07-20,STR_019,Toys,42,1056.19,0
2025-03-10,STR_007,Home,84,6705.84,1
2025-01-31,STR_015,Electronics,43,5824.89,0
2025-02-06,STR_008,Food,44,356.86,0
2025-01-20,STR_017,Food,35,294.68,0
2025-03-04,STR_017,Home,25,2093.77,0
2025-05-07,STR_015,Electronics,16,2589.18,0
2025-10-07,STR_009,Food,20,170.18,0
2025-09-17,STR_015,Toys,56,1454.13,1
2025-12-09,STR_008,Home,73,6291.77,0
2025-03-26,STR_008,Toys,62,1609.37,0
2025-10-12,STR_006,Electronics,11,1592.81,0
2025-12-19,STR_015,Toys,45,1141.65,0
2025-02-22,STR_018,Electronics,51,7324.76,0
2025-03-11,STR_013,Home,14,1191.8,0
2025-02-10,STR_015,Toys,23,540.75,0
2025-06-12,STR_018,Food,72,591.62,0
2025-04-20,STR_005,Clothing,198,8632.54,1
2025-12-05,STR_015,Clothing,50,2251.16,1
2025-09-27,STR_004,Electronics,77,10970.01,0
2025-11-01,STR_017,Toys,10,242.74,0
2025-10-06,STR_001,Home,24,1848.94,0
2025-02-16,STR_014,Clothing,55,2635.27,0
2025-05-26,STR_002,Food,29,237.52,0
2025-02-20,STR_020,Food,39,319.16,0
2025-09-02,STR_005,Electronics,80,11412.55,0
2025-08-30,STR_002,Electronics,20,3220.38,0
2025-09-18,STR_019,Clothing,166,7071.23,1
2025-04-04,STR_005,Food,64,492.9,0
2025-01-25,STR_016,Clothing,59,2631.36,0
2025-09-06,STR_020,Toys,22,568.76,0
2025-08-16,STR_001,Electronics,26,3844.72,1
2025-02-24,STR_015,Electronics,164,25220.36,1
2025-03-13,STR_002,Toys,110,2969.25,1
2025-09-06,STR_017,Clothing,91,3986.86,0
2025-07-19,STR_011,Food,196,1821.98,1
2025-05-09,STR_003,Toys,48,1208.97,0
2025-04-14,STR_004,Home,69,5754.04,0
2025-06-27,STR_018,Home,42,3051.55,1
2025-05-11,STR_004,Toys,15,348.9,0
2025-02-23,STR_005,Food,82,704.86,0
2025-08-26,STR_009,Toys,82,2145.95,0
2025-06-18,STR_009,Food,54,449.37,0
2025-04-08,STR_008,Electronics,92,13182.13,0
2025-11-05,STR_020,Electronics,20,3194.07,0
2025-09-20,STR_002,Home,46,3421.45,0
2025-06-07,STR_008,Home,42,3231.41,0
2025-11-22,STR_016,Home,82,6927.51,0
2025-06-25,STR_012,Food,54,499.96,0
2025-11-19,STR_015,Food,45,420.64,0
2025-10-21,STR_012,Electronics,97,14161.97,0
2025-06-18,STR_006,Food,71,568.17,0
2025-03-30,STR_002,Home,54,4059.19,0
2025-06-08,STR_008,Food,184,1490.58,1
2025-08-31,STR_001,Food,34,305.74,0
2025-02-22,STR_014,Electronics,96,15382.09,0
2025-03-29,STR_005,Home,58,4829.37,0
2025-11-17,STR_005,Clothing,79,3757.23,0
2025-03-12,STR_019,Home,66,5767.59,0
2025-01-30,STR_011,Toys,10,235.51,0
2025-02-07,STR_007,Clothing,51,2510.01,0
2025-06-07,STR_020,Electronics,24,3849.46,0
2025-11-12,STR_008,Electronics,56,7622.22,1
2025-05-03,STR_001,Toys,106,2668.19,1
2025-03-18,STR_005,Toys,110,2725.61,1
2025-10-01,STR_011,Food,26,220.52,0
2025-09-23,STR_007,Home,84,6512.78,0
2025-05-30,STR_014,Home,82,7200.28,0
2025-02-24,STR_003,Food,29,235.6,0
2025-03-28,STR_012,Clothing,194,7908.62,1
2025-11-14,STR_014,Toys,85,2293.06,0
2025-10-28,STR_002,Home,90,7792.94,0
2025-03-21,STR_001,Food,35,302.09,0
2025-12-30,STR_015,Toys,158,3838.2,1
2025-02-08,STR_010,Food,13,121.4,0
2025-12-29,STR_015,Food,35,289.24,0
2025-02-13,STR_015,Electronics,91,14460.16,0
2025-02-14,STR_002,Clothing,89,3882.51,0
2025-12-27,STR_019,Home,79,6659.37,0
2025-08-10,STR_002,Home,128,10418.85,1
2025-05-21,STR_007,Home,84,6344.44,0
2025-10-18,STR_020,Toys,76,1873.15,0
2025-02-04,STR_007,Clothing,93,3793.64,0
2025-11-14,STR_009,Clothing,92,4190.4,1
2025-05-08,STR_014,Clothing,54,2356.25,0
2025-04-06,STR_004,Toys,30,770.05,0
2025-01-18,STR_017,Food,57,502.15,0
2025-04-02,STR_008,Toys,24,606.34,0
2025-10-13,STR_003,Clothing,62,2881.85,0
2025-11-10,STR_006,Food,86,766.12,0
2025-04-08,STR_014,Toys,97,2219.68,0
2025-06-13,STR_005,Electronics,186,27411.4,1
2025-09-27,STR_006,Home,118,10121.43,1
2025-04-30,STR_006,Toys,15,402.73,0
2025-11-07,STR_011,Clothing,154,7253.89,1
2025-10-07,STR_006,Food,30,270.57,0
2025-02-03,STR_001,Electronics,83,12761.41,0
2025-02-25,STR_012,Clothing,44,2023.48,0
2025-05-11,STR_008,Food,30,240.1,0
